file:line	condition	class	kind	hot_or_cold	reason
base/atom/atom.wf:22	2	T	T2	cold	Appends static atom bytes in source order.
base/atom/atom.wf:32	1	T	T1	cold	Span start is previous span end; also appends spans.
base/atom/atom.wf:106	1	T	T1	hot	FNV recurrence mixes each byte into the preceding hash.
base/atom/atom.wf:177	1	T	T3	hot	Hash-chain traversal and first match select next link from data.
base/atom/atom.wf:233	2	T	T2	hot	Initializes window by ordered place_back descriptor updates.
base/atom/atom.wf:240	2	T	T3	hot	Hash bucket collisions link through the previous bucket head.
base/atom/atom.wf:277	2	T	T2	hot	Appends name bytes in source order.
css/selectors/anb.wf:583	1	T	T1	cold	Decimal digit recurrence scales the preceding accumulator.
css/selectors/dom_walk.wf:149	1	T	T3	hot	Follows DOM sibling/parent links with early termination.
css/selectors/dom_walk.wf:177	1	T	T3	cold	Follows DOM sibling/parent links with early termination.
css/selectors/dom_walk.wf:210	1	T	T3	hot	Follows DOM sibling/parent links with early termination.
css/selectors/dom_walk.wf:233	1	T	T3	hot	Follows DOM sibling/parent links with early termination.
css/selectors/filter.wf:84	1	G	G-product	cold	FeatureFilter union through add_key is four independent bitwise OR folds.
css/selectors/filter.wf:189	1	T	T1	cold	Previous combinator sets seen and changes which mask is accumulated.
css/selectors/filter.wf:233	2	G	G-product	cold	Four FeatureFilter fields use independent iand folds; None return remains a separate blocker.
css/selectors/filter.wf:269	1	G	G-product	hot	add_key is a commutative union of four bit-vector words.
css/selectors/filter.wf:302	1	G	G-product	hot	add_key is a commutative union of four bit-vector words.
css/selectors/filter.wf:320	1	T	T3	hot	Token or ancestor cursor determines the next item visited.
css/selectors/filter.wf:368	1	T	T3	hot	Token or ancestor cursor determines the next item visited.
css/selectors/filter.wf:390	1	T	T3	hot	Token or ancestor cursor determines the next item visited.
css/selectors/intern.wf:51	2	T	T2	cold	Lowercased bytes append in name order.
css/selectors/keys.wf:19	1	T	T1	hot	FNV byte fold is an ordered multiply/xor recurrence.
css/selectors/keys.wf:143	1	T	T3	cold	First class/type and first ID priorities determine chosen subject key.
css/selectors/match.wf:344	1	T	T3	hot	Walks ancestors until the nearest matching language is found.
css/selectors/positions.wf:76	1	S	S-fold	hot	Bind next = key +wrap 1_u64, then set keys = imax(keys, next); key originates from u32 so increment is exact.
css/selectors/positions.wf:98	2	T	T2	hot	Grows the table length with ordered place_back calls.
css/selectors/positions.wf:109	2	G	G-indirect	hot	Per-parent child ownership is unexpressed; reused stamp/counter scratch must also be privatized.
css/selectors/positions.wf:214	2	T	T2	hot	index_classes appends variable-length class records to shared table.
css/selectors/positions.wf:250	1	T	T3	hot	First matching key determines typed position and terminates the search.
css/selectors/positions.wf:316	2	T	T3	hot	First matching key determines typed position and terminates the search.
css/selectors/positions.wf:462	1	T	T1	hot	Whitespace token cursor and variable-length append advance together.
css/selectors/reach.wf:263	1	S	S-pack	cold	Pack down/across and invalid status into disjoint bits of one ior accumulator; validate after the scan.
css/selectors/reach.wf:305	1	G	G-product	cold	Ancestor masks union through a record helper; malformed-entry returns remain.
css/selectors/reach.wf:422	2	T	T2	cold	add_role appends feature reach records and nested ranges.
css/selectors/reach.wf:527	1	T	T3	cold	Consumes and extends a data-dependent queue of selector ranges.
css/selectors/reach.wf:570	2	T	T2	cold	add_role appends reach records and nested ranges in traversal order.
css/selectors/specificity.wf:55	1	G	G-select	hot	Lexicographic maximum of Specificity records is associative but not a listed scalar operation.
css/selectors/specificity.wf:81	1	G	G-sat	hot	Componentwise unsigned saturating specificity sum is associative and commutative.
css/selectors/specificity.wf:91	1	G	G-sat	hot	Componentwise unsigned saturating specificity sum is associative and commutative.
css/selectors/specificity.wf:278	1	G	G-select	hot	Optional lexicographic maximum needs a record/option reduction carrier.
css/selectors/specificity.wf:314	1	T	T1	cold	Captures first specificity then compares all later values with that state, with early return.
css/selectors/specificity.wf:354	1	G	G-select	hot	Optional lexicographic maximum needs a record/option reduction carrier.
css/selectors/types.wf:114	2	T	T2	cold	flush_order publishes collected indices in their existing order.
css/values/boxes.wf:362	1	T	T1	hot	Token cursor and shorthand parser state carry into the next iteration.
css/values/boxes.wf:452	1	T	T1	hot	Token cursor and shorthand parser state carry into the next iteration.
css/values/boxes.wf:555	1	T	T1	hot	Token cursor and shorthand parser state carry into the next iteration.
css/values/boxes.wf:571	2	T	T3	hot	First valid split wins and writes the expansion before returning.
css/values/boxes.wf:664	1	T	T1	hot	Token cursor and duplicate/prefix parser state determine subsequent acceptance.
css/values/columns.wf:116	1	T	T1	hot	Token cursor and duplicate/prefix parser state determine subsequent acceptance.
css/values/declarations.wf:884	2	T	T2	hot	put_value appends shorthand members in member order.
css/values/declarations.wf:903	1	T	T1	hot	Token cursor and partial shorthand state feed later iterations.
css/values/declarations.wf:972	1	T	T1	hot	Token cursor and partial shorthand state feed later iterations.
css/values/declarations.wf:1034	2	T	T2	hot	Appends width/style/color declarations in side order.
css/values/declarations.wf:1054	1	T	T1	hot	Token cursor and partial expansion carry forward.
css/values/declarations.wf:1102	1	T	T1	hot	Token cursor and partial expansion carry forward.
css/values/declarations.wf:1124	2	T	T2	hot	Appends text bytes in source order.
css/values/declarations.wf:1150	2	T	T2	hot	Appends text bytes in source order.
css/values/declarations.wf:1170	1	T	T1	hot	Stateful token walk handles duplicates, separators and partial font/list values.
css/values/declarations.wf:1287	1	T	T1	hot	Stateful token walk handles duplicates, separators and partial font/list values.
css/values/declarations.wf:1380	1	T	T1	hot	Stateful token walk handles duplicates, separators and partial font/list values.
css/values/declarations.wf:1457	1	T	T1	hot	Stateful token walk handles duplicates, separators and partial font/list values.
css/values/declarations.wf:1721	2	T	T2	hot	Interns names and appends family records with assigned identities.
css/values/declarations.wf:1793	2	T	T2	cold	Appends declarations in cascade order; resolving names also mutates shared intern storage.
css/values/declarations.wf:1822	2	T	T2	cold	Appends declarations in cascade order; resolving names also mutates shared intern storage.
css/values/declarations.wf:1896	2	T	T3	hot	Searches for first requested longhand, resolving it before returning.
css/values/generated.wf:213	1	T	T1	hot	Stateful token walk tracks open constructs, names, repeated tracks and cursor.
css/values/generated.wf:363	1	T	T1	hot	Stateful token walk tracks open constructs, names, repeated tracks and cursor.
css/values/generated.wf:457	1	T	T1	hot	Stateful token walk tracks open constructs, names, repeated tracks and cursor.
css/values/grid.wf:232	1	T	T1	hot	Stateful token walk tracks open constructs, names, repeated tracks and cursor.
css/values/grid.wf:281	1	T	T1	hot	Stateful token walk tracks open constructs, names, repeated tracks and cursor.
css/values/grid.wf:342	1	T	T1	hot	Stateful token walk tracks open constructs, names, repeated tracks and cursor.
css/values/grid.wf:430	2	T	T2	hot	Repeated track_items appends ordered tracks and updates pending-name cursor.
css/values/grid.wf:620	1	T	T1	hot	Token boundaries, first-seen area IDs and row width checks carry state.
css/values/grid.wf:636	1	T	T1	hot	Token boundaries, first-seen area IDs and row width checks carry state.
css/values/grid.wf:673	1	T	T3	hot	First existing name match determines ID and breaks.
css/values/grid.wf:718	2	T	T2	hot	Appends named areas and their text names in ID order.
css/values/grid.wf:725	1	G	G-product	hot	Independent bounding-box min/max fields and unsigned filled count need several accumulators.
css/values/grid.wf:775	2	T	T2	hot	Appends local name bytes in source order.
css/values/grid.wf:801	1	T	T1	hot	Cursor/parser state or previously expanded values feed the next iteration.
css/values/grid.wf:848	1	T	T1	hot	Cursor/parser state or previously expanded values feed the next iteration.
css/values/grid.wf:905	1	T	T1	hot	Cursor/parser state or previously expanded values feed the next iteration.
css/values/grid.wf:1060	1	T	T1	hot	Cursor/parser state or previously expanded values feed the next iteration.
css/values/grid.wf:1102	1	T	T1	hot	Cursor/parser state or previously expanded values feed the next iteration.
css/values/grid.wf:1140	2	T	T1	hot	Cursor/parser state or previously expanded values feed the next iteration.
css/values/grid.wf:1196	1	T	T1	hot	Cursor/parser state or previously expanded values feed the next iteration.
css/values/grid.wf:1225	1	T	T1	hot	Cursor/parser state or previously expanded values feed the next iteration.
css/values/grid.wf:1390	1	T	T1	hot	Cursor/parser state or previously expanded values feed the next iteration.
css/values/lengths.wf:572	1	T	T1	hot	Cursor/parser state or previously expanded values feed the next iteration.
css/values/lengths.wf:695	1	T	T1	hot	Cursor/parser state or previously expanded values feed the next iteration.
css/values/longhands.wf:538	1	T	T3	cold	Stops at first missing keyword after observing shared output growth.
css/values/longhands.wf:557	1	T	T1	cold	Tracks word index and start to choose a word span.
css/values/longhands.wf:566	2	T	T2	cold	Appends selected keyword bytes in output order.
css/values/longhands.wf:702	2	T	T2	cold	Appends selected keyword bytes in output order.
css/values/shapes.wf:175	1	T	T1	hot	Comma cursor and count choose subsequent component boundaries.
css/values/shapes.wf:248	2	T	T2	hot	Appends side text bytes in order.
css/values/tokens.wf:230	1	T	T3	hot	Finds first non-whitespace boundary and exits at it.
css/values/tokens.wf:251	1	T	T3	hot	Finds first non-whitespace boundary and exits at it.
css/values/tokens.wf:308	1	T	T1	hot	Tracks word start/count while searching sequentially.
dom/dom.wf:362	1	T	T3	cold	Parent pointer traversal detects a cycle or reaches the root.
dom/dom.wf:543	2	T	T2	cold	Extends byte storage in ordered append operations.
dom/dom.wf:591	2	T	T2	cold	Extends byte storage in ordered append operations.
font/cmap.wf:98	1	T	T1	cold	Validates range ordering against previous end and appends compiled ranges.
font/cmap.wf:207	1	T	T1	cold	Validates range ordering against previous end and appends compiled ranges.
font/directory.wf:84	1	T	T1	cold	Tracks already-found table to reject duplicates; propagated failures remain.
font/gdef.wf:75	2	G	G-partition	cold	Stored nonoverlapping ClassRange endpoints select disjoint glyph intervals; RANGE cannot name record endpoints or certify variable interval footprints.
font/gdef.wf:124	2	T	T3	cold	Shared memo deduplicates coverage; later entries reuse earlier set IDs.
font/layout.wf:299	1	T	T1	cold	Checks each extension against previously discovered lookup type.
font/lookup_filters.wf:95	2	G	G-indexed	cold	Coverage bits are indexed bitwise OR reductions; multiple glyphs share one word.
font/lookup_filters.wf:103	2	G	G-indexed	cold	Coverage bits are indexed bitwise OR reductions; multiple glyphs share one word.
font/lookup_filters.wf:134	2	S	S-map	cold	Expose checked filter-row range [row*width,row*width+width) and make coverage helper row-local; PAR-2 already permits fixed runtime-stride ranges.
font/lookup_filters.wf:139	2	G	G-indexed	cold	Several subtables union coverage into the same row via whole-array helper.
font/matching.wf:11	1	T	T1	cold	Adjacent glyph/range state controls run coalescing and ordering validation.
font/matching.wf:43	1	T	T1	cold	Adjacent glyph/range state controls run coalescing and ordering validation.
font/matching.wf:89	1	T	T1	cold	Adjacent glyph/range state controls run coalescing and ordering validation.
font/matching.wf:120	1	T	T1	cold	Adjacent glyph/range state controls run coalescing and ordering validation.
font/metrics.wf:129	1	T	T1	cold	Records the final advance while filling metrics; propagated read failures also prevent overlap.
font/positioning.wf:157	1	T	T1	cold	Validates pair order against previous glyph then appends pair records.
font/shape_apply.wf:478	1	T	T3	hot	Each glyph match starts from the preceding match position.
font/shape_apply.wf:534	1	T	T3	hot	Each glyph match starts from the preceding match position.
font/shape_apply.wf:551	1	T	T3	hot	Each glyph match starts from the preceding match position.
font/shape_apply.wf:603	1	T	T3	hot	Early-exit mark scan controls ligature classification.
font/shape_apply.wf:645	1	T	T1	hot	Ligature cursor, component numbering and output buffer advance together.
font/shape_apply.wf:683	2	T	T3	hot	Stops at the first foreign ligature ID/component; whole-buffer helper also blocks.
font/shape_apply.wf:710	2	T	T1	hot	In-place shift reads slots another iteration overwrites; direction preserves originals.
font/shape_apply.wf:721	2	T	T1	hot	In-place shift reads slots another iteration overwrites; direction preserves originals.
font/shape_apply.wf:743	2	S	S-place	hot	Inline position_at/set_position with their index<64 guards; positions^[step] is a single affine element.
font/shape_apply.wf:751	1	T	T3	hot	Lookup application changes buffer length and subsequent target positions.
font/shape_apply.wf:809	2	T	T1	hot	Fill reads the immediately preceding position just written by the loop.
font/shape_apply.wf:815	2	S	S-place	hot	Inline position_at/set_position with their index<64 guards; positions^[rest] is a single affine element.
font/shape_apply.wf:923	2	T	T3	hot	First successful substitution/context rule wins and mutates the glyph buffer.
font/shape_apply.wf:994	2	T	T3	hot	First successful substitution/context rule wins and mutates the glyph buffer.
font/shape_apply.wf:1084	2	T	T1	hot	Successive font lookups consume the prior lookup's buffer result.
font/shape_buffer.wf:208	2	T	T3	hot	Copy can fail, sets shared buffer failure and returns; not unconditional independent work.
font/shape_buffer.wf:232	2	T	T1	hot	Buffer output can alias its input at an earlier offset; overlapping in-place copy requires forward order, and separate mode can append.
font/shape_buffer.wf:334	2	T	T2	hot	put_item delegates to write_item, which appends when index equals len; blank-slot extension mutates shared window length.
font/shape_buffer.wf:338	2	T	T1	hot	Backward in-place shift preserves unread source glyphs.
font/shape_buffer.wf:383	2	T	T1	hot	When output and input share items, shifted ranges can overlap; later writes must not precede earlier reads; separate mode can append.
font/shape_buffer.wf:410	2	T	T1	hot	Backward transfer can read and write overlapping items ranges; the ordered copy preserves not-yet-read input.
font/shape_buffer.wf:472	1	S	S-fold	hot	Inline lower into set cluster = imin(cluster, item.cluster).
font/shape_buffer.wf:531	2	G	G-footprint	hot	Independent cluster-field writes are hidden behind whole-buffer set_cluster_at.
font/shape_buffer.wf:550	1	S	S-fold	hot	Inline lower into set cluster = imin(cluster, item.cluster).
font/shape_buffer.wf:600	2	G	G-footprint	hot	Independent output cluster writes are hidden behind set_out_cluster_at and buffer routing.
font/shape_normalize.wf:115	1	T	T1	hot	Cluster boundaries carry start and merge adjacent cluster runs.
font/shape_normalize.wf:315	2	T	T3	hot	First variation selector triggers whole-cluster processing and return.
font/shape_normalize.wf:404	2	T	T3	hot	Insertion sort chooses data-dependent targets and shifts prior glyphs.
font/shape_normalize.wf:425	2	T	T1	hot	In-place backward shift reads the value before it is overwritten.
font/shape_normalize.wf:475	2	G	G-fields	hot	Neighbor combining-class reads use invariant bits of unicode_props; this iteration clears only hidden bit 64, but whole-item helpers and one-map rule hide bit-level independence.
font/shape_normalize.wf:644	2	G	G-footprint	hot	Per-glyph field updates use whole-buffer add_mask/put_item effects.
font/shape_normalize.wf:648	2	G	G-footprint	hot	Per-glyph field updates use whole-buffer add_mask/put_item effects.
font/shape_normalize.wf:672	2	G	G-footprint	hot	Per-glyph field updates use whole-buffer add_mask/put_item effects.
font/shape_plan.wf:211	2	G	G-indexed	hot	Lookup flags OR into possibly repeated stored lookup IDs, including through mark_lookups.
font/shape_plan.wf:267	2	G	G-indexed	hot	Lookup flags OR into possibly repeated stored lookup IDs, including through mark_lookups.
font/shape_position.wf:554	2	G	G-footprint	hot	Independent positioning per glyph is hidden by whole-buffer read/write helpers; digit search is iteration-local.
font/shape_position.wf:586	2	T	T3	hot	First digit present in the font selects figure-space advance.
font/shape_position.wf:620	2	G	G-footprint	hot	Independent glyph offset/advance edits use whole-buffer put_item.
font/shape_position.wf:639	2	G	G-footprint	hot	Independent glyph offset/advance edits use whole-buffer put_item.
font/shape_position.wf:677	2	T	T4	hot	Signed saturating advance accumulation changes under reassociation with mixed signs.
font/shape_position.wf:683	2	T	T4	hot	Signed saturating advance accumulation changes under reassociation with mixed signs.
font/shape_position.wf:700	2	T	T3	hot	Attachment propagation recursively reads/writes linked glyph positions.
font/shape_position.wf:713	1	S	S-fold	hot	Bind the read-only default_ignorable predicate, then reduce any with bor; scan every glyph instead of breaking.
font/shape_position.wf:727	2	G	G-footprint	hot	Independent ignorable-glyph rewrite uses whole-buffer put_item.
font/shape_run.wf:18	1	T	T2	hot	write_item fills an initially empty Slots buffer with ordered place_back operations; its failure flag is an additional shared fold.
font/shape_run.wf:44	2	T	T2	hot	Appends shaped glyphs in glyph-run order.
font/shape_substitute.wf:95	2	T	T2	hot	output_glyph advances shared output and publishes replacement glyph sequence.
font/shape_substitute.wf:138	2	T	T3	hot	First matching ligature rule mutates buffer and returns.
html/tokenizer/tags.wf:240	2	T	T2	cold	Grows fresh bucket storage with ordered place_back.
html/tokenizer/tags.wf:278	2	T	T3	cold	Hash collisions relink through prior bucket heads.
html/tokenizer/types.wf:14	2	T	T2	cold	Appends last-start-tag bytes in order.
layout/boundary.wf:554	1	T	T1	hot	Ancestor summary reads the child summary updated in the preceding iteration.
layout/boundary.wf:589	1	T	T3	hot	Parent pointer and ancestor subtree counts drive rank traversal.
layout/boundary.wf:616	2	T	T2	hot	Ordered BoundaryMove append plus entries counter.
layout/boundary.wf:679	2	G	G-indirect	hot	Unique BoundaryMove payload targets need projection/ownership proof and narrow effects; boundary_visits.blocks also needs a reduction.
layout/boundary.wf:691	1	T	T3	hot	Ancestor validation follows parent pointers with early exits and visit counts.
layout/boundary.wf:774	1	T	T1	hot	Parent boundary/output is recomputed from the preceding child update.
layout/box.wf:519	2	T	T2	hot	Sequential take_back mutates fragment length.
layout/build.wf:390	2	T	T2	hot	Saves/restores/appends inline or split records, or pops shared stack.
layout/build.wf:394	2	T	T2	hot	Saves/restores/appends inline or split records, or pops shared stack.
layout/build.wf:408	2	T	T2	hot	Saves/restores/appends inline or split records, or pops shared stack.
layout/build.wf:426	2	T	T2	hot	Saves/restores/appends inline or split records, or pops shared stack.
layout/build.wf:482	1	T	T3	hot	Binary-search interval depends on prior comparison.
layout/build.wf:609	2	T	T3	hot	Counter names may repeat; later assignments and first-created identities matter.
layout/build.wf:668	2	T	T3	hot	Pops counter scopes until the first retained level.
layout/build.wf:767	1	T	T1	hot	Digit extraction divides the previous remainder.
layout/build.wf:779	2	T	T2	hot	Emits digits in reversed buffer order.
layout/build.wf:793	1	T	T1	hot	Roman numeral extraction consumes preceding remainder.
layout/build.wf:795	1	T	T1	hot	Roman numeral extraction consumes preceding remainder.
layout/build.wf:827	1	T	T1	hot	Alphabetic digit extraction carries remainder and count.
layout/build.wf:843	2	T	T2	hot	Emits alphabetic digits in display order.
layout/build.wf:1025	2	T	T1	hot	Generated content changes quote depth and counter-dependent output state.
layout/build.wf:1057	1	T	T2	hot	Emits counter values with separators depending on preceding output count.
layout/build.wf:1271	1	T	T1	hot	Tracks start of the next word in the fixed word list.
layout/build.wf:1588	1	T	T3	hot	DOM sibling walk with shared counter scope and ordered child construction.
layout/build.wf:1934	1	T	T3	hot	DOM sibling walk with shared counter scope and ordered child construction.
layout/build.wf:2041	1	T	T1	hot	Numeric attribute parser carries leading/digit/value state.
layout/build.wf:2108	1	T	T3	hot	Follows DOM siblings or searches next unoccupied table column.
layout/build.wf:2148	1	T	T3	hot	Follows DOM siblings or searches next unoccupied table column.
layout/build.wf:2177	2	T	T2	hot	Extends busy storage as targets grow before writing occupancy.
layout/build.wf:2217	1	T	T3	hot	Table/DOM walks select next sibling/run and share placement/counter state.
layout/build.wf:2289	1	T	T3	hot	Table/DOM walks select next sibling/run and share placement/counter state.
layout/build.wf:2399	1	T	T3	hot	Table/DOM walks select next sibling/run and share placement/counter state.
layout/build.wf:2449	1	T	T3	hot	Table/DOM walks select next sibling/run and share placement/counter state.
layout/build.wf:2531	1	T	T3	hot	Table/DOM walks select next sibling/run and share placement/counter state.
layout/build.wf:2574	1	T	T3	hot	Table/DOM walks select next sibling/run and share placement/counter state.
layout/build.wf:2714	1	S	S-fold	hot	Count nonretired slots using +wrap 1_u64; count starts zero and is bounded by slot count.
layout/build.wf:2721	1	G	G-product	hot	Independent unsigned saturating context/paragraph totals use two accumulators.
layout/build.wf:2733	2	T	T1	hot	Repeated text-node route entries extend or replace the previously recorded piece range.
layout/build.wf:2739	2	T	T1	hot	Repeated text-node route entries extend or replace the previously recorded piece range.
layout/build.wf:2955	2	T	T2	hot	record_skipped_nodes also receives sparse_routes; route_write grows the shared physical Paged prefix before storing.
layout/columns.wf:99	1	T	T1	hot	Flow nesting depth and skip_depth govern which column units are collected.
layout/columns.wf:134	2	T	T2	hot	Appends column units in visual/source order.
layout/columns.wf:161	2	T	T2	hot	Appends column units in visual/source order.
layout/columns.wf:192	1	T	T1	hot	Column start/break decisions or balancing attempts use preceding state.
layout/columns.wf:220	1	T	T1	hot	Column start/break decisions or balancing attempts use preceding state.
layout/columns.wf:247	1	T	T1	hot	Column start/break decisions or balancing attempts use preceding state.
layout/flex.wf:296	1	T	T4	hot	Signed saturating intrinsic sums include potentially negative margins; also tracks maxima/count.
layout/flex.wf:660	2	T	T3	hot	Insertion sort moves entries according to previous order.
layout/flex.wf:667	1	T	T3	hot	Insertion sort moves entries according to previous order.
layout/flex.wf:699	2	T	T2	hot	Appends child indices in flow order, as well as indirect item initialization.
layout/flex.wf:742	2	T	T2	hot	Gathers lanes by ordered append.
layout/flex.wf:753	2	G	G-indirect	hot	lane.child scatters unique lanes back to original children; uniqueness is stored in record fields.
layout/flex.wf:782	1	T	T1	hot	Line break depends on accumulated width and current first item.
layout/flex.wf:819	1	S	S-wide	hot	Widen bounded monotone i32 sums to i64 +wrap and clamp once (or replace bounded i64 +sat with +wrap); preserve slot guards, narrow write helpers, and clip the line loop before removing its bounds break.
layout/flex.wf:825	1	T	T4	hot	Signed saturating outer-size sum includes signed margins; early bounds break also remains.
layout/flex.wf:834	1	T	T4	hot	Signed saturating outer-size sum includes signed margins; early bounds break also remains.
layout/flex.wf:866	2	T	T1	hot	Flex freeze rounds depend on targets/frozen flags from preceding round.
layout/flex.wf:871	1	T	T4	hot	Strict floating sums or mixed-sign saturation in violation sum require source order.
layout/flex.wf:920	1	T	T4	hot	Strict floating sums or mixed-sign saturation in violation sum require source order.
layout/flex.wf:999	1	T	T4	hot	Signed margin-bearing used-size saturation must preserve order; count/autos also accumulated.
layout/flex.wf:1051	1	T	T1	hot	Stores each item's prefix main position from the running cursor.
layout/flex.wf:1190	1	G	G-product	hot	Nonnegative cross-size/gap totals and line count are independent monotone bounded folds; guard break remains.
layout/flex.wf:1233	1	T	T1	hot	Each line position uses previous line's cursor.
layout/flex.wf:1482	2	T	T2	hot	Appends blank flex items in child order.
layout/flex.wf:1530	2	G	G-partition	hot	Distinct FlexLine records select disjoint lane ranges through whole-lanes helpers; record endpoint/range effect proof missing.
layout/flex.wf:1548	1	S	S-wide	hot	Widen bounded monotone i32 sums to i64 +wrap and clamp once (or replace bounded i64 +sat with +wrap); preserve slot guards, narrow write helpers, and clip the line loop before removing its bounds break.
layout/flex.wf:1575	2	G	G-partition	hot	Per-line alignment writes disjoint stored lane intervals through whole-array helper.
layout/flow.wf:231	1	T	T1	hot	Open/close frames carry containing width, offset and nesting across events.
layout/flow.wf:290	2	G	G-indirect	hot	Atomic mark enum payloads scatter to unique child contexts; RANGE cannot name payload-index facts.
layout/flow.wf:465	1	T	T1	hot	Float placement retries at the next exclusion bottom selected by preceding attempt.
layout/flow.wf:551	2	G	G-indirect	hot	Unique open-frame block IDs select disjoint block writes, plus same-index frame update.
layout/flow.wf:626	1	T	T1	hot	Consumes consecutive splits from running at until a different flow entry.
layout/flow.wf:644	1	T	T1	hot	Consumes consecutive splits from running at until a different flow entry.
layout/flow.wf:944	2	G	G-indirect	hot	Sorted packed keys scatter next links by unique low-word split IDs; masked-index injectivity needs proof.
layout/flow.wf:959	2	T	T3	hot	Follows/marks same-owner chains and skips entries consumed by prior fragments.
layout/flow.wf:966	1	T	T3	hot	Follows/marks same-owner chains and skips entries consumed by prior fragments.
layout/flow.wf:1027	2	T	T2	hot	Appends retained/empty inline fragments in output order.
layout/flow.wf:1036	2	T	T2	hot	Appends retained/empty inline fragments in output order.
layout/flow.wf:1051	1	T	T3	hot	Binary-search interval follows prior comparison.
layout/flow.wf:1089	1	T	T1	hot	Merge passes consume previous pass output and double run width.
layout/flow.wf:1117	1	T	T1	hot	Merge-run start/end cursor feeds next iteration; parallelization requires deriving runs and partitioning output.
layout/flow.wf:1129	1	T	T3	hot	Two-way merge chooses next source cursor from prior comparison.
layout/flow.wf:1189	2	G	G-indexed	hot	Several splits may share a closing event; identical 1 stores are an idempotent OR reduction, not injective writes.
layout/flow.wf:1234	2	T	T2	hot	Appends empty inline fragments in mark order.
layout/flow.wf:1353	2	G	G-indirect	hot	Stored atomic child IDs scatter to unique child geometry records.
layout/flow.wf:1496	2	G	G-indirect	hot	Open-frame block IDs select distinct updates; geometry helpers also read whole context.
layout/flow.wf:1524	2	T	T2	hot	Appends initialized naturals or selected preceding-float entries.
layout/flow.wf:1668	2	T	T2	hot	Appends initialized naturals or selected preceding-float entries.
layout/flow.wf:1686	2	T	T3	hot	Insertion sort shifts preceding entries by comparison.
layout/flow.wf:1692	1	T	T3	hot	Insertion sort shifts preceding entries by comparison.
layout/flow.wf:1721	2	T	T2	hot	Appends exclusions in resumed float order and updates summary extrema.
layout/flow.wf:1786	1	T	T3	hot	Follows parent pointers and appends the ancestor chain.
layout/flow.wf:1799	1	T	T1	hot	Cumulative relative dx/dy determines each stored resumed frame.
layout/flow.wf:1829	2	G	G-indirect	hot	Unique saved-frame block IDs select writes; helper footprints need narrowing too.
layout/flow.wf:1898	1	T	T3	hot	Finds contiguous prefix of split openings before restart position.
layout/flow.wf:1916	1	T	T1	hot	Flow stacking carries cursor, margins, frames and float exclusions between events.
layout/flow.wf:2305	1	T	T1	hot	Float-fitting retry changes y and child dimensions for the following attempt.
layout/flow.wf:2573	1	T	T1	hot	Open/close stack determines the containing block for each out-of-flow child.
layout/flow.wf:2656	2	T	T2	hot	Repeated take_back changes shared column-map length.
layout/flow.wf:2846	1	T	T3	hot	Searches parent chain for nearest positioned ancestor.
layout/flow.wf:2880	1	G	G-footprint	hot	Distinct child positioning uses whole-context helpers and an aggregate counts fold.
layout/flow.wf:2923	2	G	G-indirect	hot	Atomic mark payload selects unique advance slot; scalar maximum is already admitted.
layout/flow.wf:2967	1	T	T1	hot	Running text width/trailing space resets at break boundaries.
layout/flow.wf:3034	1	T	T1	hot	Intrinsic flow nesting and chunk accumulators carry across events.
layout/flow.wf:3359	2	T	T2	cold	Rectangle/fragment traversal appends visible output in required order.
layout/flow.wf:3412	2	T	T2	cold	Rectangle/fragment traversal appends visible output in required order.
layout/flow.wf:3421	2	T	T2	cold	Rectangle/fragment traversal appends visible output in required order.
layout/flow.wf:3436	2	T	T2	cold	Rectangle/fragment traversal appends visible output in required order.
layout/flow.wf:3444	2	T	T2	cold	Rectangle/fragment traversal appends visible output in required order.
layout/flow.wf:3455	2	T	T2	cold	Rectangle/fragment traversal appends visible output in required order.
layout/flow.wf:3465	2	T	T2	cold	Rectangle/fragment traversal appends visible output in required order.
layout/geometry.wf:67	1	T	T3	hot	Parent-pointer walk accumulates ancestor geometry.
layout/geometry.wf:161	2	T	T1	cold	Child origin reads the parent origin already written in flow order.
layout/grid.wf:341	1	G	G-product	hot	Nonnegative track-size sums and counts form independent monotone reductions in four bindings.
layout/grid.wf:645	1	T	T3	hot	Nth named line search stops when running match count reaches target.
layout/grid.wf:661	1	T	T3	hot	Counts matches backward until the requested named line.
layout/grid.wf:854	2	T	T2	hot	Appends grid items/sequence in flow order.
layout/grid.wf:860	1	T	T2	hot	Appends grid items/sequence in flow order.
layout/grid.wf:912	2	T	T3	hot	Insertion sort depends on previously sorted prefix.
layout/grid.wf:945	2	S	S-place	hot	Inline grid_get/grid_put bounds guards and use model^.items.inner[c] directly; all reads/writes use c.
layout/grid.wf:982	2	S	S-map	hot	Borrow a checked complete row [r*stride,r*stride+stride) and use row-local stores; clip to full rows and handle any truncated final row separately, preserving original bounds skips.
layout/grid.wf:983	2	S	S-map	hot	Iterate a checked subrange of the row; use local zero-based index or original c through a range reference, preserving bounds skips.
layout/grid.wf:1024	1	G	G-product	hot	Independent per-child normalization plus several monotone totals/maxima; stored-index and helper gaps also remain.
layout/grid.wf:1070	2	G	G-indexed	hot	Definite grid rectangles may overlap; occupancy marks are idempotent OR while item writes use unique sequence IDs.
layout/grid.wf:1087	2	T	T3	hot	Grid auto-placement reads occupancy/cursors established by preceding placements or searches first free location.
layout/grid.wf:1107	1	T	T3	hot	Grid auto-placement reads occupancy/cursors established by preceding placements or searches first free location.
layout/grid.wf:1147	1	T	T3	hot	Grid auto-placement reads occupancy/cursors established by preceding placements or searches first free location.
layout/grid.wf:1165	1	T	T3	hot	Grid auto-placement reads occupancy/cursors established by preceding placements or searches first free location.
layout/grid.wf:1180	1	T	T3	hot	Grid auto-placement reads occupancy/cursors established by preceding placements or searches first free location.
layout/grid.wf:1234	2	T	T2	hot	Appends tracks in axis order.
layout/grid.wf:1239	2	G	G-indexed	hot	Several item spans set shared track.used bits; Boolean OR reduction.
layout/grid.wf:1278	1	T	T1	hot	Each visible track's gap depends on whether an earlier track was visible.
layout/grid.wf:1347	1	S	S-wide	hot	Widen bounded monotone i32 sums to i64 +wrap and clamp once (or replace bounded i64 +sat with +wrap); preserve slot guards, narrow write helpers, and clip the line loop before removing its bounds break.
layout/grid.wf:1373	1	S	S-wide	hot	Widen bounded monotone i32 sums to i64 +wrap and clamp once (or replace bounded i64 +sat with +wrap); preserve slot guards, narrow write helpers, and clip the line loop before removing its bounds break.
layout/grid.wf:1430	1	T	T1	hot	Distribution rounds depend on prior share/remaining state.
layout/grid.wf:1432	1	S	S-fold	hot	Use +wrap for open count: zero initial value and at most one increment per track; item_ceiling is 1073741824.
layout/grid.wf:1454	1	T	T1	hot	Extra/remaining counters distribute remainder in source order.
layout/grid.wf:1480	1	G	G-product	hot	Two independent bounded counts (targets/all) exceed one-accumulator form.
layout/grid.wf:1505	1	T	T1	hot	Earliest chosen tracks consume the extra remainder.
layout/grid.wf:1538	1	T	T4	hot	Strict floating flex-factor sum is not associative.
layout/grid.wf:1555	1	T	T3	hot	Selects first flexible leader for remainder placement while accumulating assigned shares.
layout/grid.wf:1640	2	T	T1	hot	Overlapping item spans inspect and modify track state left by preceding items.
layout/grid.wf:1694	1	T	T1	hot	Freeze rounds depend on prior share/fraction decisions.
layout/grid.wf:1699	1	T	T4	hot	Strict floating factor sum cannot be reassociated.
layout/grid.wf:1723	1	S	S-fold	hot	Bind yes = True(), then set changed = bor(changed, yes); retain same-index track writes.
layout/grid.wf:1764	1	S	S-wide	hot	Widen bounded monotone i32 sums to i64 +wrap and clamp once (or replace bounded i64 +sat with +wrap); preserve slot guards, narrow write helpers, and clip the line loop before removing its bounds break.
layout/grid.wf:1774	1	G	G-fmax	hot	Finite nonnegative floating maximum needs a restricted-domain max reduction; inner strict sums stay sequential within each item.
layout/grid.wf:1789	1	G	G-fmax	hot	Finite nonnegative floating maximum needs a restricted-domain max reduction; inner strict sums stay sequential within each item.
layout/grid.wf:1808	1	T	T4	hot	Strict floating sum of flex factors is nonassociative.
layout/grid.wf:1879	2	T	T1	hot	Successive span groups consume track sizes/limits produced by earlier groups.
layout/grid.wf:2273	2	G	G-indexed	hot	Multiple children reduce ascent by imax into a row bucket.
layout/grid.wf:2379	1	T	T1	hot	Track position is a running prefix cursor.
layout/grid.wf:2582	1	G	G-select	hot	Stable argmin of grid key with baseline payload needs indexed tie-breaking record reduction.
layout/inline.wf:189	2	G	G-partition	hot	Stored TextRun start/end records partition collapsible output; RANGE cannot name record endpoints.
layout/inline.wf:208	2	T	T4	hot	Several inline marks add floating frame widths at the same position in source order.
layout/inline.wf:318	1	T	T1	hot	Trimming cursor or line-width/break candidate state determines next step.
layout/inline.wf:337	1	T	T1	hot	Trimming cursor or line-width/break candidate state determines next step.
layout/inline.wf:415	2	T	T2	hot	Repeated take_back clears shared lines descriptor.
layout/inline.wf:443	1	T	T1	hot	Line start/top and float retries depend on preceding result.
layout/inline.wf:459	1	T	T1	hot	Line start/top and float retries depend on preceding result.
layout/inline.wf:630	1	T	T3	hot	Walks culled ancestor boxes and emits ordered duplicate rectangles.
layout/inline.wf:688	2	T	T1	hot	Open/close stack determines parent metrics and inside marks.
layout/inline.wf:886	1	T	T3	hot	Finds leading/trailing boundary or first containing style run and exits.
layout/inline.wf:943	1	T	T3	hot	Finds leading/trailing boundary or first containing style run and exits.
layout/inline.wf:966	1	T	T3	hot	Finds leading/trailing boundary or first containing style run and exits.
layout/inline.wf:1070	2	G	G-partition	hot	Stored shaped-segment ranges partition segment_at output; record endpoint facts unavailable.
layout/inline.wf:1087	2	G	G-indexed	hot	Shared text endpoints get identical 1 marks; adjacent nodes can share an endpoint.
layout/inline.wf:1117	2	T	T2	hot	Pops fragment/atomic windows through shared length.
layout/inline.wf:1125	2	T	T2	hot	Pops fragment/atomic windows through shared length.
layout/inline.wf:1132	1	T	T1	hot	Line top, open inline stack and parent alignment group carry forward.
layout/inline.wf:1145	1	T	T1	hot	Line top, open inline stack and parent alignment group carry forward.
layout/inline.wf:1167	1	T	T3	hot	Walks backward until first visible non-hanging character.
layout/inline.wf:1201	1	T	T1	hot	Running mark/text cursor, inline stack and x position consume previous state.
layout/inline.wf:1205	1	T	T1	hot	Running mark/text cursor, inline stack and x position consume previous state.
layout/inline.wf:1506	2	T	T2	hot	Emits pending rectangles in inside-out stack order and marks emitted ancestors.
layout/inline.wf:1578	2	T	T2	hot	Appends positioned fragments/atomics in output order.
layout/inline.wf:1594	2	T	T2	hot	Appends positioned fragments/atomics in output order.
layout/inline.wf:1628	2	T	T2	hot	Appends positioned fragments/atomics in output order.
layout/inline.wf:1645	2	T	T2	hot	Appends positioned fragments/atomics in output order.
layout/inline.wf:1672	1	T	T4	hot	Strict floating advance sum must preserve source order.
layout/pages.wf:32	2	T	T2	hot	Grows paged/window length with ordered pushes.
layout/pages.wf:58	2	T	T2	hot	Grows paged/window length with ordered pushes.
layout/prep.wf:387	1	T	T1	hot	UTF-8 decoder carries pending byte count and partial scalar.
layout/prep.wf:560	1	T	T1	hot	Run coalescing, mark cursor and text-emission state carry between pieces.
layout/prep.wf:577	1	T	T1	hot	Run coalescing, mark cursor and text-emission state carry between pieces.
layout/prep.wf:620	2	T	T1	hot	Run coalescing, mark cursor and text-emission state carry between pieces.
layout/sequence.wf:685	1	T	T3	cold	Follows tree/parent links and chooses path from subtree counts.
layout/sequence.wf:708	1	T	T3	hot	Follows tree/parent links and chooses path from subtree counts.
layout/sequence.wf:794	1	T	T3	hot	Follows tree/parent links and chooses path from subtree counts.
layout/sequence.wf:952	1	T	T1	hot	Entry base is prefix total of preceding block allocations.
layout/sequence.wf:970	2	G	G-partition	hot	seal_owner writes preallocated disjoint stored base/count ranges; no allocator write, but record endpoint proof and range effects are missing.
layout/sequence.wf:996	2	T	T2	hot	Publishes entry pool by ordered paged pushes.
layout/splice.wf:52	1	T	T3	hot	Route/ancestor traversal follows links with early exit.
layout/splice_boundary.wf:134	1	T	T3	hot	Route/ancestor traversal follows links with early exit.
layout/splice_boundary.wf:275	2	G	G-indirect	hot	Unique BoundaryMove payload targets need projection/ownership proof and narrow effects; boundary_visits.blocks also needs a reduction.
layout/splice_publish.wf:33	1	T	T3	hot	Follows DOM sibling links recursively while collecting nodes.
layout/splice_publish.wf:92	2	T	T2	hot	Tombstoning routes can extend a sparse physical Paged prefix; logical table.len does not prove element storage already exists.
layout/splice_publish.wf:99	2	T	T2	hot	Publishing inserted node routes can extend shared Paged prefixes and high-water marks; independent payload stores alone are insufficient.
layout/splice_publish.wf:109	2	T	T2	hot	Publishing appended route interval calls slot_write/paged_push_item and mutates the shared prefix length.
layout/splice_publish.wf:114	2	T	T2	hot	Publishing appended path interval calls slot_write/paged_push_item and mutates the shared prefix length.
layout/splice_publish.wf:130	2	S	S-place	hot	Eliminate local element-reference alias and spell writes through fresh^.collection.inner[at]; resolved affine path is already allowed by PAR-2.
layout/splice_publish.wf:151	2	S	S-place	hot	Eliminate local element-reference alias and spell writes through fresh^.collection.inner[at]; resolved affine path is already allowed by PAR-2.
layout/splice_publish.wf:203	2	S	S-place	hot	Eliminate local element-reference alias and spell writes through fresh^.collection.inner[at]; resolved affine path is already allowed by PAR-2.
layout/splice_publish.wf:249	2	T	T2	hot	Grows blocks/paragraphs/children with ordered paged pushes.
layout/splice_publish.wf:253	2	T	T2	hot	Grows blocks/paragraphs/children with ordered paged pushes.
layout/splice_publish.wf:257	2	T	T2	hot	Grows blocks/paragraphs/children with ordered paged pushes.
layout/splice_publish.wf:290	2	T	T2	hot	Recursive removed_entries appends removal list and visit totals.
layout/splice_publish.wf:319	1	G	G-indirect	hot	Disjoint retired Flow payloads own separate context subtrees/routes; aggregate counters and helper footprint also need admission.
layout/splice_sequence.wf:16	1	T	T3	hot	Sequence selection descends according to preceding subtree count.
layout/structure.wf:27	2	T	T2	hot	Appends saved counters in scope order.
layout/structure.wf:39	2	T	T2	hot	Appends saved counters in scope order.
layout/structure.wf:314	1	T	T3	hot	Walks parents/context paths and builds traversal route.
layout/structure.wf:414	1	T	T3	hot	Walks parents/context paths and builds traversal route.
layout/structure.wf:428	2	T	T2	hot	Appends reversed path in traversal order.
layout/structure.wf:552	1	G	G-indirect	hot	Distinct fresh paragraphs take prepared state from distinct old paragraph routes; ownership/provenance plus count fold needed.
layout/structure.wf:572	2	T	T2	hot	Concatenates base and tail path steps by ordered append.
layout/structure.wf:575	2	T	T2	hot	Concatenates base and tail path steps by ordered append.
layout/structure.wf:602	1	G	G-indirect	hot	Fresh children reuse disjoint old subtrees through shared old_root; ownership route proof and total reduction needed.
layout/structure.wf:614	1	G	G-product	hot	Dirty count and last-index selection are independent reductions (sum plus max/sentinel); current two-write shape is refused.
layout/structure.wf:715	2	G	G-indirect	hot	Separate child subtrees retire distinct path IDs through shared paths table.
layout/structure.wf:748	2	T	T2	hot	Retains routes by assigning append indices and linking new heads.
layout/structure.wf:752	1	T	T3	hot	Follows route/ancestor links until a live matching context.
layout/structure.wf:808	1	T	T3	hot	Follows route/ancestor links until a live matching context.
layout/structure.wf:892	2	S	S-place	hot	listing/context_of are preallocated for nodes; inline guarded page reads/stores, eliminating unreachable growth and unchanged len updates.
layout/style_update.wf:556	1	T	T3	hot	Parent-chain depth/LCA walks follow data-dependent links.
layout/style_update.wf:575	1	T	T3	hot	Parent-chain depth/LCA walks follow data-dependent links.
layout/style_update.wf:723	2	T	T3	hot	Changed styles may share ancestor contexts and merge dirty/restyled-block state; route lists and ancestor order matter.
layout/style_update.wf:736	1	T	T3	hot	Walks each style route and updates shared ancestors.
layout/table.wf:56	2	T	T2	hot	Appends measured table items in cell order.
layout/table.wf:138	2	G	G-indirect	hot	Cell.context gives unique child-kind destinations; integer projection is inside a record and helper writes whole kinds.
layout/table.wf:442	1	S	S-wide	hot	Widen bounded monotone i32 sums to i64 +wrap and clamp once (or replace bounded i64 +sat with +wrap); preserve slot guards, narrow write helpers, and clip the line loop before removing its bounds break.
layout/table.wf:456	1	S	S-fold	hot	Count unconstrained tracks using +wrap 1_u64; bounded by input range and starts zero.
layout/table.wf:466	1	S	S-wide	hot	Widen bounded monotone i32 sums to i64 +wrap and clamp once (or replace bounded i64 +sat with +wrap); preserve slot guards, narrow write helpers, and clip the line loop before removing its bounds break.
layout/table.wf:484	2	S	S-place	hot	Inline bounds-preserving put/track helpers so each iteration accesses only index r of each written array.
layout/table.wf:501	2	S	S-place	hot	Inline bounds-preserving put/track helpers so each iteration accesses only index r of each written array.
layout/table.wf:514	2	S	S-place	hot	Inline bounds-preserving put/track helpers so each iteration accesses only index r of each written array.
layout/table.wf:532	2	G	G-indexed	hot	Cells share rows; ascent/descent/size/constraint fields are max/OR bucket reductions, with independent per-cell outputs.
layout/table.wf:586	2	S	S-place	hot	Inline track_get/track_put with guarded tracks^.inner[r] accesses.
layout/table.wf:596	2	T	T1	hot	Spanning cells grow overlapping rows based on sizes left by earlier cells/groups.
layout/table.wf:597	2	T	T1	hot	Spanning cells grow overlapping rows based on sizes left by earlier cells/groups.
layout/table.wf:625	2	G	G-partition	hot	Distinct row groups own stored disjoint track intervals; range/helper proof missing, with deltas/weights scratch also needing privatization.
layout/table.wf:640	1	T	T3	hot	First different row group terminates the group-end scan.
layout/table.wf:702	1	T	T1	hot	Column x uses prior edge and seen state.
layout/table.wf:725	2	G	G-indirect	hot	Unique Item.child IDs scatter forced widths via put_i32.
layout/table.wf:754	2	T	T2	hot	Appends initial table tracks.
layout/table.wf:766	1	T	T4	hot	Signed margin-bearing caption sums can saturate differently under reordering.
layout/table.wf:829	1	T	T1	hot	Each row y is the previous cursor plus row height and spacing.
layout/table.wf:844	2	G	G-indirect	hot	Unique Item.child IDs select independent child placement/positioning and final-size outputs.
layout/table.wf:907	2	G	G-indirect	hot	Unique Item.child IDs select independent child placement/positioning and final-size outputs.
layout/table.wf:922	1	T	T1	hot	Top/bottom caption cursors determine each subsequent caption position.
layout/table.wf:1015	2	T	T2	hot	Appends row/group fragments in output order.
layout/table.wf:1036	1	T	T3	hot	Stops at first row outside the group.
layout/table.wf:1080	2	T	T2	hot	Appends column/group fragments in output order.
layout/table.wf:1097	1	T	T3	hot	Stops at first column outside the styled column/group.
layout/table.wf:1129	1	T	T3	hot	Stops at first column outside the styled column/group.
layout/tableborders.wf:33	2	S	S-map	hot	Borrow a checked complete row [r*stride,r*stride+stride) and use row-local stores; clip to full rows and handle any truncated final row separately, preserving original bounds skips.
layout/tableborders.wf:44	2	S	S-map	hot	Form bounded row subrange, index it by c-first, and pass each edge element to a scalar merge helper.
layout/tableborders.wf:127	2	G	G-indexed	hot	Shared border edges combine by hidden-dominates-maximum, an associative commutative bucket reduction.
layout/tableborders.wf:143	2	G	G-indexed	hot	Shared border edges combine by hidden-dominates-maximum, an associative commutative bucket reduction.
layout/tableborders.wf:185	2	G	G-indexed	hot	Shared border edges combine by hidden-dominates-maximum, an associative commutative bucket reduction.
layout/tablegrid.wf:75	2	T	T2	hot	Initializes list by ordered pushes.
layout/tablegrid.wf:85	2	T	T2	hot	Initializes list by ordered pushes.
layout/tablegrid.wf:96	2	T	T2	hot	Initializes list by ordered pushes.
layout/tablegrid.wf:123	2	T	T2	hot	Initializes list by ordered pushes.
layout/tablegrid.wf:158	1	S	S-fold	hot	Rewrite bounded visible-column count with +wrap 1_u64.
layout/tablegrid.wf:182	2	S	S-place	hot	Inline col_get/col_put bounds checks and use same-index column access.
layout/tablegrid.wf:227	1	S	S-wide	hot	Widen bounded monotone i32 sums to i64 +wrap and clamp once (or replace bounded i64 +sat with +wrap); preserve slot guards, narrow write helpers, and clip the line loop before removing its bounds break.
layout/tablegrid.wf:234	1	T	T1	hot	Proportional remainder sharing consumes preceding remaining/total values.
layout/tablegrid.wf:254	2	S	S-place	hot	Inline put_i32 as guarded list^.inner[k] = 0_i32.
layout/tablegrid.wf:267	1	S	S-pack	hot	Pack five Boolean existence flags into disjoint bits of one u8 ior accumulator and decode after the loop.
layout/tablegrid.wf:294	2	S	S-place	hot	Inline put/get/col helpers into guarded same-index accesses for all written roots.
layout/tablegrid.wf:351	2	S	S-place	hot	Inline put/get/col helpers into guarded same-index accesses for all written roots.
layout/tablegrid.wf:372	1	S	S-wide	hot	Widen bounded monotone i32 sums to i64 +wrap and clamp once (or replace bounded i64 +sat with +wrap); preserve slot guards, narrow write helpers, and clip the line loop before removing its bounds break.
layout/tablegrid.wf:388	2	S	S-place	hot	Inline bounds-preserving col helpers to same-index column update.
layout/tablegrid.wf:397	1	S	S-wide	hot	Widen bounded monotone i32 sums to i64 +wrap and clamp once (or replace bounded i64 +sat with +wrap); preserve slot guards, narrow write helpers, and clip the line loop before removing its bounds break.
layout/tablegrid.wf:422	1	T	T4	hot	Strict floating percentage sum is nonassociative.
layout/tablegrid.wf:445	2	S	S-place	hot	Inline col helpers; each iteration changes its own percentage only.
layout/tablegrid.wf:472	1	S	S-wide	hot	Widen bounded monotone i32 sums to i64 +wrap and clamp once (or replace bounded i64 +sat with +wrap); preserve slot guards, narrow write helpers, and clip the line loop before removing its bounds break.
layout/tablegrid.wf:479	2	S	S-place	hot	Inline col helpers into guarded same-index max assignment.
layout/tablegrid.wf:485	1	S	S-wide	hot	Widen bounded monotone i32 sums to i64 +wrap and clamp once (or replace bounded i64 +sat with +wrap); preserve slot guards, narrow write helpers, and clip the line loop before removing its bounds break.
layout/tablegrid.wf:507	2	S	S-place	hot	Inline col helpers; per-column style and max updates are independent.
layout/tablegrid.wf:526	2	G	G-indexed	hot	Cells reduce shared column fixed/percent/originates fields by max/OR.
layout/tablegrid.wf:543	2	G	G-indexed	hot	Cells reduce shared column min/max fields; constrained is read-only during this pass.
layout/tablegrid.wf:559	2	S	S-place	hot	Inline col helpers into guarded same-index max assignment.
layout/tablegrid.wf:566	2	T	T1	hot	Overlapping spanning cells read and grow column values from preceding items/groups.
layout/tablegrid.wf:567	2	T	T1	hot	Overlapping spanning cells read and grow column values from preceding items/groups.
layout/tablegrid.wf:584	2	S	S-place	hot	Inline col helpers into guarded same-index fixed/percent updates.
layout/tablegrid.wf:600	2	G	G-indexed	hot	Cells share column destinations; originates=True is an idempotent OR fold.
layout/tablegrid.wf:609	2	T	T3	hot	First-row items claim still-unset fixed/percentage fields, with overlapping-span priority.
layout/tablegrid.wf:654	2	S	S-place	hot	Inline col helpers; independent same-index fixed/min/max updates.
layout/tablegrid.wf:669	2	S	S-place	hot	Inline col helpers; independent same-index fixed/min/max updates.
layout/tablegrid.wf:684	1	T	T1	hot	Each percentage is clamped against the remaining percentage budget.
layout/tablegrid.wf:704	1	T	T4	hot	Strict floating percentage sum is nonassociative, alongside integer totals.
layout/tablegrid.wf:763	1	S	S-wide	hot	Widen bounded monotone i32 sums to i64 +wrap and clamp once (or replace bounded i64 +sat with +wrap); preserve slot guards, narrow write helpers, and clip the line loop before removing its bounds break.
layout/tablegrid.wf:797	2	S	S-place	hot	Inline col/put helpers into guarded same-index width and weight assignments.
layout/tablegrid.wf:809	2	S	S-place	hot	Inline col/put helpers into guarded same-index width and weight assignments.
layout/tablegrid.wf:822	2	S	S-place	hot	Inline col/put helpers into guarded same-index width and weight assignments.
layout/tablegrid.wf:841	1	G	G-product	hot	Nonnegative width sum and three Boolean flags are independent reductions; helper narrowing also needed.
layout/tablegrid.wf:875	2	S	S-place	hot	Inline put/col helpers into guarded same-index weight/width writes.
layout/tablegrid.wf:906	2	S	S-place	hot	Inline put/col helpers into guarded same-index weight/width writes.
layout/text/fonts.wf:113	2	T	T2	cold	Appends family-name bytes in order.
layout/text/fonts.wf:388	1	G	G-select	hot	Stable argmin rank with face-index payload; finite rank comparison and first-on-tie carrier needed.
layout/text/picks.wf:210	1	T	T2	hot	Builds ordered unique fallback face chain; preceding members determine deduplication.
layout/text/picks.wf:245	2	T	T2	hot	Builds ordered unique fallback face chain; preceding members determine deduplication.
layout/text/picks.wf:270	2	T	T2	hot	Appends font choices in group order (outer loop also fills disjoint chain regions).
layout/text/picks.wf:277	2	T	T2	hot	Appends font choices in group order (outer loop also fills disjoint chain regions).
layout/text/picks.wf:288	2	S	S-map	hot	Borrow the chain row range once outside loop and index by offset, retaining original bounds guards.
layout/text/picks.wf:340	2	T	T2	hot	Extends chain and choices by ordered append.
layout/text/picks.wf:347	2	T	T2	hot	Extends chain and choices by ordered append.
layout/text/shape.wf:92	1	T	T3	hot	Binary search or first non-common script selects result.
layout/text/shape.wf:245	1	T	T3	hot	Binary search or first non-common script selects result.
layout/text/shape.wf:257	1	T	T1	hot	Common/inherited scripts take preceding strong script.
layout/text/shape.wf:340	2	T	T4	hot	Several glyphs accumulate strict floating advances into the same cluster.
layout/text/shape.wf:378	1	T	T3	hot	Binary search narrows interval from preceding comparison.
layout/text/shape.wf:798	1	S	S-fold	hot	Bind byte equality under original bounds guards, then reduce reuse with band; remove only the read-only mismatch break.
layout/text/shape.wf:827	1	T	T1	hot	Validates expected run boundary and appends shaped segments in run order.
layout/update.wf:168	1	T	T3	hot	Follows ContextPath parents and validates root before publishing steps.
layout/update.wf:187	2	T	T2	hot	Appends reversed path steps in traversal order.
layout/update.wf:505	1	T	T1	hot	Expected line top advances by previous strut height; early validation returns remain.
layout/update.wf:758	1	G	G-product	hot	UpdateCounts/BoundaryVisits components are independent unsigned saturating totals.
layout/update.wf:964	1	T	T3	hot	Walks ancestor chain while validating or growing heights.
layout/update.wf:987	1	T	T3	hot	Walks ancestor chain while validating or growing heights.
layout/update.wf:1036	2	G	G-indirect	hot	Flow event/helper selects unique paragraph/block entries for translation.
layout/update.wf:1046	2	G	G-indirect	hot	Flow event/helper selects unique paragraph/block entries for translation.
layout/update.wf:1553	2	T	T2	hot	Clears fragments with repeated take_back descriptor changes.
layout/update.wf:1852	1	T	T3	hot	Follows ancestors checking held positions until root/failure.
layout/update.wf:2063	1	S	S-fold	hot	Bind no = False(), then set kept = band(kept, no) on Open marks.
layout/update.wf:2129	2	G	G-indirect	hot	Event lookup scatters to unique blocks/paragraphs; helper reads and Boolean fold need precise footprints.
layout/update.wf:2138	2	G	G-indirect	hot	Event lookup scatters to unique blocks/paragraphs; helper reads and Boolean fold need precise footprints.
layout/update.wf:2149	2	S	S-place	hot	Narrow block_at_entry read effect to context.blocks.inner plus events; it never reads the written splits root.
layout/update.wf:2217	1	T	T1	hot	Open/close depth identifies the restack extent and controls early exit.
layout/update.wf:2241	1	G	G-product	hot	Independent dirty-child count and relative-height Boolean OR fold.
layout/update.wf:2346	1	G	G-indirect	hot	Atomic payloads select independent child updates; needs unique child proof plus aggregate counts fold.
layout/update.wf:2358	1	G	G-indirect	hot	Atomic payloads select independent child updates; needs unique child proof plus aggregate counts fold.
oracle/fonts/fonts.wf:40	1	T	T1	cold	Line start and line number carry through font manifest scan.
oracle/fonts/fonts.wf:94	1	T	T1	cold	Big-endian decoder shifts preceding accumulated bytes.
oracle/fonts/fonts.wf:128	2	T	T1	cold	Forward in-place copy may overlap destination/source; order preserves original bytes.
oracle/layout/edit.wf:183	1	T	T1	cold	FNV recurrence mixes each byte into preceding hash.
oracle/layout/edit.wf:239	1	T	T1	cold	Escape decoding uses skip state from preceding backslash.
oracle/layout/edit.wf:271	2	T	T2	cold	Escapes append variable-length byte sequences in input order.
oracle/layout/edit.wf:435	1	S	S-pack	cold	Replace last-position and seen pair with max of matching k+1, zero meaning absent; decode after loop and preserve no-match default.
oracle/layout/edit.wf:452	1	S	S-fold	cold	Bind guarded byte equality, then set same = band(same, equal).
oracle/layout/edit.wf:847	1	T	T1	cold	Edit-script cursor and edited state control later lines and permitted sheet declarations.
oracle/layout/edit.wf:1196	2	G	G-indexed	cold	Changed-node marks are repeated identical True stores through remapped node IDs.
oracle/layout/edit.wf:1210	2	T	T3	cold	Stack-driven subtree traversal changes worklist and visited-node marks.
oracle/layout/edit.wf:1845	2	T	T1	cold	Child depth uses earlier parent result, or parent descendant count uses completed child total.
oracle/layout/edit.wf:1860	2	T	T1	cold	Child depth uses earlier parent result, or parent descendant count uses completed child total.
oracle/layout/edit.wf:1884	2	T	T3	cold	Stack traversal emits nodes in DOM order.
oracle/layout/layout.wf:86	1	T	T1	cold	Word/digit cursor and remainder carry to next iteration.
oracle/layout/layout.wf:135	1	T	T1	cold	Word/digit cursor and remainder carry to next iteration.
oracle/layout/layout.wf:176	1	S	S-fold	cold	Bind guarded mode-word byte equality, then set same = band(same, equal).
oracle/layout/layout.wf:286	2	G	G-indexed	cold	Rectangle bucket histogram is an indexed unsigned saturating count reduction.
oracle/layout/layout.wf:300	2	T	T1	cold	Bucket offsets are prefix sums of preceding buckets.
oracle/layout/layout.wf:310	2	T	T2	cold	Stable bucket scatter consumes each bucket cursor in input order.
oracle/layout/layout.wf:327	2	G	G-partition	cold	Stored adjacent bucket boundaries partition sort ranges but whole-order helper hides disjoint ranges.
oracle/layout/layout.wf:338	2	T	T3	cold	Insertion sort swaps neighboring entries based on prior comparisons.
oracle/layout/layout.wf:340	1	T	T3	cold	Insertion sort swaps neighboring entries based on prior comparisons.
oracle/layout/layout.wf:390	1	T	T2	cold	Rect serialization appends spaces and records in order.
oracle/layout/layout.wf:434	2	G	G-indirect	cold	Traversal NodeId records scatter unique element positions; record-field injectivity unavailable to RANGE.
oracle/layout/layout.wf:455	2	T	T3	cold	Stack DOM walk assigns text ordinals by first traversal order.
oracle/layout/layout.wf:515	1	G	G-fmax	cold	Finite rectangle-bottom maximum is associative but fmax is outside the admitted set.
oracle/layout/layout.wf:520	2	T	T2	cold	Serializes element/text dump in traversal order.
oracle/layout/layout.wf:562	2	T	T2	cold	Serializes element/text dump in traversal order.
oracle/page/page.wf:92	1	S	S-pack	cold	Replace slash-position and present pair with max of matching k+1, zero meaning absent; decode after loop.
oracle/page/page.wf:145	1	G	G-select	cold	Stable argmax matched suffix length with optional argument-index payload.
oracle/support/support.wf:61	2	T	T2	cold	Initializes bytes by ordered place_back.
oracle/support/support.wf:469	1	T	T1	cold	Decimal decoder scales preceding value by ten.
oracle/support/support.wf:516	2	T	T2	cold	Appends text bytes in source order.
style/cascade.wf:98	2	T	T2	cold	Appends rule/alternative records in cascade order while counting buckets.
style/cascade.wf:107	2	T	T2	cold	Appends rule/alternative records in cascade order while counting buckets.
style/cascade.wf:125	2	T	T1	cold	Bucket starts are prefix sums.
style/cascade.wf:141	2	T	T2	cold	Stable bucket placement advances shared per-bucket cursor.
style/cascade.wf:184	2	G	G-indexed	hot	Rules reduce cascade winners by key per longhand; test_rule effects hide bucket/record reduction and status folds.
style/cascade.wf:234	1	T	T1	hot	Class tokenizer carries word boundaries while testing buckets.
style/cascade.wf:270	2	G	G-indexed	hot	Independent rule candidates reduce per-longhand winners and pseudo flags through test_rule.
style/cascade.wf:307	1	T	T3	hot	First ID/class attribute wins and selects which rule buckets are tested.
style/cascade.wf:419	2	G	G-indexed	hot	Per-longhand maximum cascade key carries winning declaration payload; requires stable key/tie reduction.
style/cascade.wf:666	1	S	S-fold	hot	Use +wrap for pseudo_count: at most two increments per bounded element; no prefix use.
style/cascade.wf:697	1	T	T2	hot	Packs present pseudo nodes into consecutive output slots in element/side order.
style/cascade.wf:700	1	T	T2	hot	Packs present pseudo nodes into consecutive output slots in element/side order.
style/components.wf:736	1	T	T1	hot	Tracks word start/count while searching a keyword table.
style/components.wf:751	1	S	S-fold	hot	Bind guarded element equality, then set same = band(same, equal).
style/delta.wf:125	2	T	T2	cold	Serializes ordered list/group content into a shared key buffer.
style/delta.wf:141	2	T	T2	cold	Serializes ordered list/group content into a shared key buffer.
style/delta.wf:171	2	T	T2	cold	Serializes ordered list/group content into a shared key buffer.
style/delta.wf:195	2	T	T2	cold	Serializes ordered list/group content into a shared key buffer.
style/delta.wf:224	2	T	T2	cold	Serializes ordered list/group content into a shared key buffer.
style/delta.wf:247	2	T	T2	cold	Serializes ordered list/group content into a shared key buffer.
style/delta.wf:273	2	T	T2	cold	Serializes ordered list/group content into a shared key buffer.
style/delta.wf:354	2	T	T2	cold	Serializes ordered list/group content into a shared key buffer.
style/delta.wf:529	2	T	T3	cold	Shared intern table assigns first-seen IDs and probes collisions; moving key scratch alone cannot admit the loop.
style/delta.wf:539	2	T	T3	cold	Shared intern table assigns first-seen IDs and probes collisions; moving key scratch alone cannot admit the loop.
style/delta.wf:549	2	T	T3	cold	Shared intern table assigns first-seen IDs and probes collisions; moving key scratch alone cannot admit the loop.
style/delta.wf:556	2	T	T3	cold	Shared intern table assigns first-seen IDs and probes collisions; moving key scratch alone cannot admit the loop.
style/delta.wf:563	2	T	T3	cold	Shared intern table assigns first-seen IDs and probes collisions; moving key scratch alone cannot admit the loop.
style/delta.wf:575	2	T	T3	cold	Shared intern table assigns first-seen IDs and probes collisions; moving key scratch alone cannot admit the loop.
style/delta.wf:585	2	T	T3	cold	Shared intern table assigns first-seen IDs and probes collisions; moving key scratch alone cannot admit the loop.
style/delta.wf:595	2	T	T3	cold	Shared intern table assigns first-seen IDs and probes collisions; moving key scratch alone cannot admit the loop.
style/delta.wf:605	2	T	T3	cold	Shared intern table assigns first-seen IDs and probes collisions; moving key scratch alone cannot admit the loop.
style/delta.wf:615	2	T	T3	cold	Shared intern table assigns first-seen IDs and probes collisions; moving key scratch alone cannot admit the loop.
style/delta.wf:625	2	T	T3	cold	Shared intern table assigns first-seen IDs and probes collisions; moving key scratch alone cannot admit the loop.
style/delta.wf:635	2	T	T3	cold	Shared intern table assigns first-seen IDs and probes collisions; moving key scratch alone cannot admit the loop.
style/delta.wf:645	2	T	T3	cold	Shared intern table assigns first-seen IDs and probes collisions; moving key scratch alone cannot admit the loop.
style/delta.wf:655	2	T	T3	cold	Shared intern table assigns first-seen IDs and probes collisions; moving key scratch alone cannot admit the loop.
style/delta.wf:665	2	T	T3	cold	Shared intern table assigns first-seen IDs and probes collisions; moving key scratch alone cannot admit the loop.
style/delta.wf:775	2	G	G-indirect	cold	Unique (element, pseudo-kind) record pairs select pseudo slots; paired-field injectivity needs proof.
style/hints.wf:103	1	T	T3	cold	Scans to first non-space/non-digit boundary while carrying numeric parse flags.
style/hints.wf:128	1	T	T3	cold	Scans to first non-space/non-digit boundary while carrying numeric parse flags.
style/hints.wf:157	1	T	T3	cold	Scans to first non-space/non-digit boundary while carrying numeric parse flags.
style/hints.wf:194	2	T	T2	cold	Appends hint text bytes in order.
style/hints.wf:510	2	T	T2	cold	Appends parsed hint sheets/declarations and assigns their persistent indices.
style/incremental.wf:77	2	G	G-indexed	hot	Per-element flags OR and first pseudo index min form indexed reductions.
style/incremental.wf:470	1	T	T3	hot	Sibling traversal and check-before-queue marks control ordered worklist additions.
style/incremental.wf:996	2	G	G-indexed	hot	Declarations share longhand buckets; columns=True is Boolean OR, while reading[d] is direct map.
style/incremental.wf:1019	1	S	S-fold	hot	Replace reads_root=True plus break with a guarded bor fold over all winners.
style/incremental.wf:1150	2	G	G-indirect	hot	Batch node IDs select distinct reset rows through helper effects; reset_node does not intern or mutate shared canonical tables.
style/incremental.wf:1162	1	G	G-indexed	hot	Several pseudo/element nodes share owner change flags; Boolean OR reductions plus unique place_style writes and structural fold.
style/incremental.wf:1293	2	G	G-indirect	hot	Pseudo node list selects distinct rematch rows but whole-state helper hides row partition and status reduction.
style/incremental.wf:1323	1	T	T1	hot	Restyle passes/levels consume parent styles and next-level worklist from prior iteration.
style/incremental.wf:1325	1	T	T1	hot	Restyle passes/levels consume parent styles and next-level worklist from prior iteration.
style/incremental.wf:1339	2	T	T2	hot	Check-before-queue marks deduplicate and append touched/level nodes in order.
style/incremental.wf:1387	2	G	G-indexed	hot	Repeated indirect zero stores are idempotent bitwise AND reductions; no uniqueness assumption needed.
style/incremental.wf:1418	2	G	G-indexed	hot	Repeated indirect zero stores are idempotent bitwise AND reductions; no uniqueness assumption needed.
style/incremental.wf:1424	2	G	G-indexed	hot	Repeated indirect zero stores are idempotent bitwise AND reductions; no uniqueness assumption needed.
style/incremental.wf:1526	1	T	T2	hot	Appends pseudo styles in node order and sets shared structural flag.
style/incremental.wf:1573	1	T	T3	hot	Merge walk advances old/new pseudo cursors based on relative ranks.
style/inherited.wf:753	2	T	T3	hot	add_own searches/updates or appends name-key entries, assigning first-seen list order.
style/inherited.wf:768	2	T	T3	hot	add_own searches/updates or appends name-key entries, assigning first-seen list order.
style/inherited.wf:865	2	T	T1	hot	Custom-property resolution rounds/entries read state and text published by earlier resolved declarations.
style/inherited.wf:879	2	T	T1	hot	Custom-property resolution rounds/entries read state and text published by earlier resolved declarations.
style/inherited.wf:916	2	T	T2	hot	Appends substituted custom-property text bytes.
style/inherited.wf:937	1	S	S-fold	hot	Count pending entries using +wrap 1_u64; starts zero and bounded by own_count.
style/inherited.wf:1761	1	T	T1	hot	Component cursor skips variable-length var expressions.
style/inherited.wf:1812	1	T	T3	hot	Graph frontier/visited set drives cycle search and deduplicates queued references.
style/inherited.wf:1818	2	T	T3	hot	Graph frontier/visited set drives cycle search and deduplicates queued references.
style/inherited.wf:1841	1	S	S-fold	hot	Bind yes = True(), then set any = bor(any, yes); cyclic[k] writes are same-index and on_cycle reads shared inputs only.
style/intern.wf:707	1	T	T1	hot	Capacity doubling and termination depend on previous capacity.
style/intern.wf:724	2	T	T3	hot	Open-addressed hash probing or first-seen interning shares collision slots and table identities.
style/intern.wf:727	1	T	T3	hot	Open-addressed hash probing or first-seen interning shares collision slots and table identities.
style/intern.wf:756	2	T	T3	hot	Open-addressed hash probing or first-seen interning shares collision slots and table identities.
style/intern.wf:761	1	T	T3	hot	Open-addressed hash probing or first-seen interning shares collision slots and table identities.
style/intern.wf:801	1	T	T1	hot	Capacity doubling depends on preceding capacity.
style/intern.wf:818	2	T	T3	hot	Hash probing/interning shares collision slots and first-seen IDs.
style/intern.wf:821	1	T	T3	hot	Hash probing/interning shares collision slots and first-seen IDs.
style/intern.wf:850	2	T	T3	hot	Hash probing/interning shares collision slots and first-seen IDs.
style/intern.wf:855	1	T	T3	hot	Hash probing/interning shares collision slots and first-seen IDs.
style/intern.wf:895	1	T	T1	hot	Capacity doubling depends on preceding capacity.
style/intern.wf:912	2	T	T3	hot	Hash probing/interning shares collision slots and first-seen IDs.
style/intern.wf:915	1	T	T3	hot	Hash probing/interning shares collision slots and first-seen IDs.
style/intern.wf:944	2	T	T3	hot	Hash probing/interning shares collision slots and first-seen IDs.
style/intern.wf:949	1	T	T3	hot	Hash probing/interning shares collision slots and first-seen IDs.
style/intern.wf:989	1	T	T1	hot	Capacity doubling depends on preceding capacity.
style/intern.wf:1006	2	T	T3	hot	Hash probing/interning shares collision slots and first-seen IDs.
style/intern.wf:1009	1	T	T3	hot	Hash probing/interning shares collision slots and first-seen IDs.
style/intern.wf:1038	2	T	T3	hot	Hash probing/interning shares collision slots and first-seen IDs.
style/intern.wf:1043	1	T	T3	hot	Hash probing/interning shares collision slots and first-seen IDs.
style/intern.wf:1083	1	T	T1	hot	Capacity doubling depends on preceding capacity.
style/intern.wf:1100	2	T	T3	hot	Hash probing/interning shares collision slots and first-seen IDs.
style/intern.wf:1103	1	T	T3	hot	Hash probing/interning shares collision slots and first-seen IDs.
style/intern.wf:1132	2	T	T3	hot	Hash probing/interning shares collision slots and first-seen IDs.
style/intern.wf:1137	1	T	T3	hot	Hash probing/interning shares collision slots and first-seen IDs.
style/intern.wf:1177	1	T	T1	hot	Capacity doubling depends on preceding capacity.
style/intern.wf:1194	2	T	T3	hot	Hash probing/interning shares collision slots and first-seen IDs.
style/intern.wf:1197	1	T	T3	hot	Hash probing/interning shares collision slots and first-seen IDs.
style/intern.wf:1226	2	T	T3	hot	Hash probing/interning shares collision slots and first-seen IDs.
style/intern.wf:1231	1	T	T3	hot	Hash probing/interning shares collision slots and first-seen IDs.
style/intern.wf:1271	1	T	T1	hot	Capacity doubling depends on preceding capacity.
style/intern.wf:1288	2	T	T3	hot	Hash probing/interning shares collision slots and first-seen IDs.
style/intern.wf:1291	1	T	T3	hot	Hash probing/interning shares collision slots and first-seen IDs.
style/intern.wf:1320	2	T	T3	hot	Hash probing/interning shares collision slots and first-seen IDs.
style/intern.wf:1325	1	T	T3	hot	Hash probing/interning shares collision slots and first-seen IDs.
style/intern.wf:1714	1	T	T1	hot	Ordered hash recurrence over names/text consumes preceding hash.
style/intern.wf:1719	1	T	T1	hot	Ordered hash recurrence over names/text consumes preceding hash.
style/intern.wf:1786	1	T	T1	hot	Capacity doubling depends on preceding capacity.
style/intern.wf:1801	2	T	T3	hot	Shared canonical-set hash table resolves collisions and chooses first representative.
style/intern.wf:1806	1	T	T3	hot	Shared canonical-set hash table resolves collisions and chooses first representative.
style/intern.wf:1824	1	T	T3	hot	Shared canonical-set hash table resolves collisions and chooses first representative.
style/intern.wf:1828	1	T	T3	hot	Shared canonical-set hash table resolves collisions and chooses first representative.
style/levels.wf:30	2	G	G-indexed	hot	Depth histogram is a bounded exact indexed count; parent validation returns remain separate blockers.
style/levels.wf:67	2	T	T2	hot	Stable level grouping consumes per-depth fill cursor in traversal order.
style/levels.wf:144	2	T	T1	hot	Later inheritance levels require parent style results from earlier levels.
style/lists.wf:39	1	T	T1	cold	Capacity doubling depends on preceding capacity.
style/lists.wf:105	1	T	T1	hot	Ordered mix hash consumes preceding hash.
style/lists.wf:121	2	T	T3	hot	Shared rehash collision slots and probe cursor determine placement.
style/lists.wf:125	1	T	T3	hot	Shared rehash collision slots and probe cursor determine placement.
style/lists.wf:151	1	T	T1	hot	Ordered mix hash consumes preceding hash.
style/lists.wf:158	1	T	T3	hot	Hash probe finds existing key or first empty slot and publishes a new ID.
style/lists.wf:176	2	T	T2	hot	Appends/removes key words, names or track records in list order.
style/lists.wf:251	2	T	T2	hot	Appends/removes key words, names or track records in list order.
style/lists.wf:307	2	T	T2	hot	Appends/removes key words, names or track records in list order.
style/lists.wf:322	2	T	T2	hot	Appends/removes key words, names or track records in list order.
style/lists.wf:350	2	T	T2	hot	Appends/removes key words, names or track records in list order.
style/lists.wf:382	2	T	T2	hot	Appends/removes key words, names or track records in list order.
style/lists.wf:453	2	T	T2	hot	Serializes or copies named areas in input order.
style/lists.wf:473	2	T	T2	hot	Serializes or copies named areas in input order.
style/lists.wf:528	2	T	T3	hot	Shared interning assigns first-seen group/list IDs; scratch is not the only blocker.
style/lists.wf:588	2	T	T3	hot	Shared interning assigns first-seen group/list IDs; scratch is not the only blocker.
style/lists.wf:627	2	T	T3	hot	Shared interning assigns first-seen group/list IDs; scratch is not the only blocker.
style/lists.wf:666	2	T	T2	hot	Serializes/copies ordered text, content, counter or quote records.
style/lists.wf:681	2	T	T2	hot	Serializes/copies ordered text, content, counter or quote records.
style/lists.wf:718	2	T	T2	hot	Serializes/copies ordered text, content, counter or quote records.
style/lists.wf:735	2	T	T2	hot	Serializes/copies ordered text, content, counter or quote records.
style/lists.wf:775	2	T	T2	hot	Serializes/copies ordered text, content, counter or quote records.
style/lists.wf:789	2	T	T2	hot	Serializes/copies ordered text, content, counter or quote records.
style/lists.wf:830	2	T	T2	hot	Serializes/copies ordered text, content, counter or quote records.
style/lists.wf:842	2	T	T2	hot	Serializes/copies ordered text, content, counter or quote records.
style/lists.wf:904	2	T	T3	hot	Shared content/list interning assigns IDs and appends canonical data.
style/media.wf:659	1	T	T1	cold	Media parser carries connector/query boundary and cursor.
style/media.wf:838	1	T	T1	cold	Media parser carries connector/query boundary and cursor.
style/reset.wf:161	1	T	T3	hot	Inherited value search follows parent chain until first applied value.
style/restyle.wf:97	2	G	G-indexed	cold	Reach buckets use indexed +wrap histogram reduction.
style/restyle.wf:104	2	T	T1	cold	Bucket starts form prefix sums.
style/restyle.wf:112	2	T	T2	cold	Stable bucket placement consumes per-bucket output cursor.
style/restyle.wf:193	1	T	T3	hot	Binary search or first ID/class selection depends on ordered comparisons.
style/restyle.wf:267	1	T	T3	hot	Binary search or first ID/class selection depends on ordered comparisons.
style/restyle.wf:328	1	T	T1	hot	Class-word start/in_word state carries across bytes.
style/restyle.wf:428	1	T	T3	hot	Searches first subtree boundary or walks siblings/descendants.
style/restyle.wf:435	1	T	T3	hot	Searches first subtree boundary or walks siblings/descendants.
style/restyle.wf:523	1	T	T3	hot	Searches first subtree boundary or walks siblings/descendants.
style/restyle.wf:549	2	T	T2	hot	Initializes element window with ordered place_back.
style/restyle.wf:658	1	T	T3	cold	Merge walk compares old/new pseudo ranks and advances selected cursor.
style/restyle.wf:743	1	T	T3	hot	Climbs DOM parents to find next sibling within root.
style/restyle.wf:826	1	T	T2	hot	Collects subject keys in reach order with a shared any flag.
style/restyle.wf:863	1	T	T3	hot	Descendant pointer walk or binary search determines next step.
style/restyle.wf:894	1	T	T3	hot	Descendant pointer walk or binary search determines next step.
style/restyle.wf:915	1	S	S-pack	hot	Pack three Boolean flags and the reach bitmask into disjoint u16 bits; use one ior accumulator then decode.
style/restyle.wf:961	1	T	T3	hot	Sibling traversal distinguishes first/remaining siblings and gathers matching nodes.
style/restyle.wf:1001	1	T	T3	hot	Sibling traversal distinguishes first/remaining siblings and gathers matching nodes.
style/serialize.wf:46	2	T	T2	hot	Emits bytes/escaped strings in source order.
style/serialize.wf:119	2	T	T2	hot	Emits bytes/escaped strings in source order.
style/serialize.wf:271	2	T	T3	hot	Pops closer stack until first entry whose end follows current token.
style/serialize.wf:438	1	T	T1	hot	Substitution/supports parser carries cursor, closers or connector state.
style/store.wf:405	1	T	T1	cold	Substitution/supports parser carries cursor, closers or connector state.
style/store.wf:460	2	T	T2	cold	Appends declarations/customs and interns names with persistent assigned IDs.
style/store.wf:685	1	T	T1	cold	Token boundary state carries across text bytes.
style/store.wf:723	2	T	T2	cold	Appends sheet sources or parsed style records in DOM/cascade order.
style/store.wf:820	2	T	T2	cold	Appends sheet sources or parsed style records in DOM/cascade order.
style/store.wf:927	1	T	T3	cold	Follows DOM siblings/subtree/parent links with early termination.
style/structure.wf:128	1	T	T3	hot	Follows DOM siblings/subtree/parent links with early termination.
style/structure.wf:184	1	T	T3	hot	Follows DOM siblings/subtree/parent links with early termination.
style/structure.wf:324	2	G	G-indirect	hot	Unique subtree NodeId records scatter traversal/style order slots.
style/structure.wf:336	2	G	G-indirect	hot	Disjoint new element slots use runtime base and element_node mapping; broad state reads and propagation remain.
style/structure.wf:360	2	G	G-indirect	hot	Removed subtree owns distinct element/pseudo slots; helper effects and projection uniqueness need proof.
style/structure.wf:369	2	G	G-indexed	hot	Indirect identical hole stores can use an idempotent overwrite reduction; no unique-index premise required.
style/structure.wf:404	2	T	T2	hot	Check-before-append marks deduplicate wanted elements in reached order.
style/traversal.wf:142	1	T	T3	cold	DOM traversal follows siblings/parents and assigns ordered element positions.
style/traversal.wf:198	1	T	T3	cold	DOM traversal follows siblings/parents and assigns ordered element positions.
style/traversal.wf:322	2	T	T2	hot	Initializes slots with ordered place_back.
text/line_break/line_break.wf:31	1	T	T1	hot	Boundary decision state is advanced from preceding run.
text/line_break/line_break.wf:67	2	G	G-partition	hot	Stored starts/ends define disjoint run spans but helper writes whole opportunities array.
text/line_break/runs.wf:177	1	T	T1	hot	Absorption/coalescing reads previous character class and extends last run.
text/normalization/decompose.wf:27	2	T	T2	cold	Appends decomposed scalar sequences in normalization order.
text/normalization/decompose.wf:49	2	T	T2	cold	Appends decomposed scalar sequences in normalization order.
text/normalization/decompose.wf:101	2	G	G-indexed	cold	Canonical-class histogram is indexed +wrap addition.
text/normalization/decompose.wf:114	1	T	T1	cold	Class starts are prefix sums of preceding class counts.
text/normalization/decompose.wf:121	2	T	T2	cold	Initializes scratch length by ordered append.
text/normalization/decompose.wf:127	2	T	T2	cold	Stable counting-sort scatter consumes each class cursor in source order.
text/normalization/decompose.wf:142	2	S	S-map	cold	Borrow output[run_start..run_stop] outside loop and write subrange[k]; preserve length guards and checked offset domain.
