cohort,mode,size,round,maximum_rss_kib,wall_seconds
main,seq,zero,1,74992,0.5658340509999107
before,seq,zero,1,86324,0.5655411580000873
candidate,seq,zero,1,86436,0.5654840160000276
noreserve,seq,zero,1,86280,0.565504301999681
noreserve,seq,zero,2,86204,0.565598829999999
candidate,seq,zero,2,88428,0.5655624010000793
before,seq,zero,2,86428,0.5656812949996493
main,seq,zero,2,75100,0.5153141329997197
main,seq,sample,1,81152,0.5655728129995623
before,seq,sample,1,99512,0.6156428340000275
candidate,seq,sample,1,101892,0.615513177000139
noreserve,seq,sample,1,97124,0.6155688990002091
noreserve,seq,sample,2,99204,0.6156644310003685
candidate,seq,sample,2,99908,0.6155857579997246
before,seq,sample,2,99632,0.6156244229996446
main,seq,sample,2,81220,0.565504909000083
main,seq,full,1,80512,1.919166860000587
before,seq,full,1,100952,1.4684182390001297
candidate,seq,full,1,103784,1.468339879999803
noreserve,seq,full,1,97660,1.517888006999783
noreserve,seq,full,2,99728,1.5179764459999205
candidate,seq,full,2,101672,1.4697642029996132
before,seq,full,2,101060,1.4689701409997724
main,seq,full,2,80668,1.9195434060002299
main,seq,full,3,80500,1.9189804920006281
before,seq,full,3,103084,1.4680727979994117
candidate,seq,full,3,103800,1.4683039800002007
noreserve,seq,full,3,97584,1.5178498779996517
main,par,zero,1,77208,0.46628643899930466
before,par,zero,1,89292,0.5175474770003348
candidate,par,zero,1,89172,0.5164039329993102
noreserve,par,zero,1,89136,0.5165924859993538
noreserve,par,zero,2,91796,0.5159638599998289
candidate,par,zero,2,89344,0.5162211990000287
before,par,zero,2,89336,0.4667554050001854
main,par,zero,2,77004,0.4657916589994784
main,par,sample,1,81096,0.5162217110000711
before,par,sample,1,103268,0.5661005219999424
candidate,par,sample,1,103564,0.6154250869994939
noreserve,par,sample,1,103296,0.566136780999841
noreserve,par,sample,2,100400,0.5664378760002364
candidate,par,sample,2,105216,0.5662716610004281
before,par,sample,2,103880,0.5665514580005038
main,par,sample,2,83328,0.515463558999727
main,par,full,1,83092,1.9710687710003185
before,par,full,1,106308,1.4694581030007612
candidate,par,full,1,105860,1.6200170210004217
noreserve,par,full,1,102712,1.6693694380001034
noreserve,par,full,2,103304,1.6705906800007142
candidate,par,full,2,106184,1.6192265310000948
before,par,full,2,106196,1.4718698540000332
main,par,full,2,82680,1.9209220640004787
main,par,full,3,82720,1.9254373180001494
before,par,full,3,108820,1.521448305999911
candidate,par,full,3,106796,1.6238025759994343
noreserve,par,full,3,104692,1.6721590910001396
