cohort,edit,instructions,structural_rebuild,layout,bookkeeping
main,1,245748500,41922291,203077044,749165
main,2,245058712,41957261,202412928,688523
main,3,245571709,42156295,202461312,954102
main,4,245774983,42405567,202468710,900706
main,5,246639068,42155452,202588044,1895572
main,6,246865759,42571909,202451736,1842114
main,9,247140798,42438744,202513872,2188182
main,10,246999282,42406682,202440774,2151826
main,17,246128486,42451883,202354774,1321829
main,18,245876702,42168343,202444885,1263474
main,19,247280762,42224342,202948507,2107913
main,20,247065116,42550618,202459965,2054533
main,23,246066118,42459246,202943580,663292
main,24,245519575,42471917,202437261,610397
main,29,5398164,2964669,2083158,350337
main,30,4833988,2963148,1578847,291993
main,35,245522629,42273200,202870667,378762
main,36,245229167,42452064,202452692,324411
main,39,245695997,41996929,202525546,1173522
main,40,245919951,42373134,202427814,1119003
main,51,246938609,42459663,202606638,1872308
main,52,246357007,42095307,202443149,1818551
before,1,289870362,70798153,217799808,1272401
before,2,282458396,64546728,217173374,738294
before,3,283479566,64709278,217286595,1483693
before,4,283170371,64961006,217239546,969819
before,5,284632604,64773298,217443470,2415836
before,6,284233472,65080951,217258291,1894230
before,9,285041043,64952829,217282798,2805416
before,10,284528245,65032845,217228891,2266509
before,17,284264411,65240773,217130150,1893488
before,18,283798286,65192399,217231683,1374204
before,19,285931983,65232841,217786042,2913100
before,20,284941114,65301194,217248919,2391001
before,23,284243877,65349256,217714376,1180245
before,24,283108748,65209615,217244004,655129
before,29,13635915,9804635,2950271,881009
before,30,12614379,9799825,2455033,359521
before,35,283249298,65209437,217646250,393611
before,36,282833734,65243245,217254238,336251
before,39,284573185,65509442,217314810,1748933
before,40,283775535,65312739,217243652,1219144
before,51,285336511,65507241,217366101,2463169
before,52,284711292,65532449,217253386,1925457
candidate,1,295128850,76056641,217799808,1272401
candidate,2,282627410,64715742,217173374,738294
candidate,3,283614767,64844479,217286595,1483693
candidate,4,283271948,65062583,217239546,969819
candidate,5,284700332,64841026,217443470,2415836
candidate,6,284250131,65106148,217249708,1894275
candidate,9,285025967,64947392,217273183,2805392
candidate,10,284424055,64901107,217256998,2265950
candidate,17,284172235,65133182,217145681,1893372
candidate,18,283695235,65054536,217262306,1378393
candidate,19,285864461,65164235,217785417,2914809
candidate,20,284712013,65074459,217245268,2392286
candidate,23,283991383,65130685,217676407,1184291
candidate,24,282995858,65085449,217255218,655191
candidate,29,11966112,8133836,2950873,881403
candidate,30,10943544,8129067,2455167,359310
candidate,35,282971034,64936495,217640951,393588
candidate,36,282728242,65130232,217261433,336577
candidate,39,284160251,65135069,217283661,1741521
candidate,40,283584063,65116395,217248696,1218972
candidate,51,284950186,65110836,217389675,2449675
candidate,52,284274979,65105094,217245770,1924115
