cohort,edit,constructor,status,inclusive_instructions
candidate,1,retain_routes,observed,7702875
candidate,1,copy_retained_paths,observed,22647
candidate,1,copy_retained_units,observed,980611
candidate,1,copy_retained_contexts,observed,406168
candidate,1,record_tree,observed,6747276
candidate,1,reconstruction_route_bound,observed,6954729
candidate,2,retain_routes,observed,2647380
candidate,2,copy_retained_paths,observed,40705
candidate,2,copy_retained_units,observed,980726
candidate,2,copy_retained_contexts,observed,406255
candidate,2,record_tree,observed,6746460
candidate,2,reconstruction_route_bound,observed,1899026
candidate,3,retain_routes,observed,2647138
candidate,3,copy_retained_paths,observed,48505
candidate,3,copy_retained_units,observed,980691
candidate,3,copy_retained_contexts,observed,406255
candidate,3,record_tree,observed,6747276
candidate,3,reconstruction_route_bound,observed,1898877
candidate,4,retain_routes,observed,2647346
candidate,4,copy_retained_paths,observed,56275
candidate,4,copy_retained_units,observed,980771
candidate,4,copy_retained_contexts,observed,406280
candidate,4,record_tree,observed,6746460
candidate,4,reconstruction_route_bound,observed,1899026
candidate,5,retain_routes,observed,2647282
candidate,5,copy_retained_paths,observed,84522
candidate,5,copy_retained_units,observed,980736
candidate,5,copy_retained_contexts,observed,406285
candidate,5,record_tree,observed,6747276
candidate,5,reconstruction_route_bound,observed,1898877
candidate,6,retain_routes,observed,2647478
candidate,6,copy_retained_paths,observed,92292
candidate,6,copy_retained_units,observed,980816
candidate,6,copy_retained_contexts,observed,406315
candidate,6,record_tree,observed,6746460
candidate,6,reconstruction_route_bound,observed,1899026
candidate,9,retain_routes,observed,2647342
candidate,9,copy_retained_paths,observed,100062
candidate,9,copy_retained_units,observed,980826
candidate,9,copy_retained_contexts,observed,406345
candidate,9,record_tree,observed,6747276
candidate,9,reconstruction_route_bound,observed,1899051
candidate,10,retain_routes,observed,2647638
candidate,10,copy_retained_paths,observed,107832
candidate,10,copy_retained_units,observed,980906
candidate,10,copy_retained_contexts,observed,406375
candidate,10,record_tree,observed,6746460
candidate,10,reconstruction_route_bound,observed,1899026
candidate,17,retain_routes,observed,2647662
candidate,17,copy_retained_paths,observed,115572
candidate,17,copy_retained_units,observed,981006
candidate,17,copy_retained_contexts,observed,406465
candidate,17,record_tree,observed,6747276
candidate,17,reconstruction_route_bound,observed,1899399
candidate,18,retain_routes,observed,2647958
candidate,18,copy_retained_paths,observed,164306
candidate,18,copy_retained_units,observed,981086
candidate,18,copy_retained_contexts,observed,406495
candidate,18,record_tree,observed,6746460
candidate,18,reconstruction_route_bound,observed,1899026
candidate,19,retain_routes,observed,2647643
candidate,19,copy_retained_paths,observed,172076
candidate,19,copy_retained_units,observed,981051
candidate,19,copy_retained_contexts,observed,406468
candidate,19,record_tree,observed,6747276
candidate,19,reconstruction_route_bound,observed,1898877
candidate,20,retain_routes,observed,2648038
candidate,20,copy_retained_paths,observed,179846
candidate,20,copy_retained_units,observed,981131
candidate,20,copy_retained_contexts,observed,406525
candidate,20,record_tree,observed,6746460
candidate,20,reconstruction_route_bound,observed,1899026
candidate,23,retain_routes,observed,2647803
candidate,23,copy_retained_paths,observed,187616
candidate,23,copy_retained_units,observed,981141
candidate,23,copy_retained_contexts,observed,406516
candidate,23,record_tree,observed,6747276
candidate,23,reconstruction_route_bound,observed,1899051
candidate,24,retain_routes,observed,2648198
candidate,24,copy_retained_paths,observed,195416
candidate,24,copy_retained_units,observed,981221
candidate,24,copy_retained_contexts,observed,406585
candidate,24,record_tree,observed,6746460
candidate,24,reconstruction_route_bound,observed,1899026
candidate,29,retain_routes,observed,4695567
candidate,29,copy_retained_paths,observed,202875
candidate,29,copy_retained_units,observed,952807
candidate,29,copy_retained_contexts,observed,406622
candidate,29,record_tree,observed,4922
candidate,29,reconstruction_route_bound,observed,1183216
candidate,30,retain_routes,observed,4695846
candidate,30,copy_retained_paths,observed,202914
candidate,30,copy_retained_units,observed,952896
candidate,30,copy_retained_contexts,observed,406696
candidate,30,record_tree,observed,4101
candidate,30,reconstruction_route_bound,observed,1183017
candidate,35,retain_routes,observed,2648283
candidate,35,copy_retained_paths,observed,203122
candidate,35,copy_retained_units,observed,981276
candidate,35,copy_retained_contexts,observed,406578
candidate,35,record_tree,observed,6747276
candidate,35,reconstruction_route_bound,observed,1899225
candidate,36,retain_routes,observed,2648640
candidate,36,copy_retained_paths,observed,210947
candidate,36,copy_retained_units,observed,981491
candidate,36,copy_retained_contexts,observed,406765
candidate,36,record_tree,observed,6746460
candidate,36,reconstruction_route_bound,observed,1899026
candidate,39,retain_routes,observed,2648578
candidate,39,copy_retained_paths,observed,218747
candidate,39,copy_retained_units,observed,981501
candidate,39,copy_retained_contexts,observed,406795
candidate,39,record_tree,observed,6747276
candidate,39,reconstruction_route_bound,observed,1899051
candidate,40,retain_routes,observed,2648800
candidate,40,copy_retained_paths,observed,226517
candidate,40,copy_retained_units,observed,981581
candidate,40,copy_retained_contexts,observed,406825
candidate,40,record_tree,observed,6746460
candidate,40,reconstruction_route_bound,observed,1899026
candidate,51,retain_routes,observed,2649058
candidate,51,copy_retained_paths,observed,234287
candidate,51,copy_retained_units,observed,981771
candidate,51,copy_retained_contexts,observed,406975
candidate,51,record_tree,observed,6747276
candidate,51,reconstruction_route_bound,observed,1899747
candidate,52,retain_routes,observed,2649183
candidate,52,copy_retained_paths,observed,242027
candidate,52,copy_retained_units,observed,981851
candidate,52,copy_retained_contexts,observed,406995
candidate,52,record_tree,observed,6746460
candidate,52,reconstruction_route_bound,observed,1899026
oldpaths,1,retain_routes,observed,7702875
oldpaths,1,copy_retained_paths,observed,163410
oldpaths,1,copy_retained_units,observed,980611
oldpaths,1,copy_retained_contexts,observed,406168
oldpaths,1,record_tree,observed,6747276
oldpaths,1,reconstruction_route_bound,observed,6954729
oldpaths,2,retain_routes,observed,2647380
oldpaths,2,copy_retained_paths,observed,212918
oldpaths,2,copy_retained_units,observed,980726
oldpaths,2,copy_retained_contexts,observed,406255
oldpaths,2,record_tree,observed,6746460
oldpaths,2,reconstruction_route_bound,observed,1899026
oldpaths,3,retain_routes,observed,2647138
oldpaths,3,copy_retained_paths,observed,252168
oldpaths,3,copy_retained_units,observed,980691
oldpaths,3,copy_retained_contexts,observed,406255
oldpaths,3,record_tree,observed,6747276
oldpaths,3,reconstruction_route_bound,observed,1898877
oldpaths,4,retain_routes,observed,2647346
oldpaths,4,copy_retained_paths,observed,291388
oldpaths,4,copy_retained_units,observed,980771
oldpaths,4,copy_retained_contexts,observed,406280
oldpaths,4,record_tree,observed,6746460
oldpaths,4,reconstruction_route_bound,observed,1899026
oldpaths,5,retain_routes,observed,2647282
oldpaths,5,copy_retained_paths,observed,351085
oldpaths,5,copy_retained_units,observed,980736
oldpaths,5,copy_retained_contexts,observed,406285
oldpaths,5,record_tree,observed,6747276
oldpaths,5,reconstruction_route_bound,observed,1898877
oldpaths,6,retain_routes,observed,2647478
oldpaths,6,copy_retained_paths,observed,390305
oldpaths,6,copy_retained_units,observed,980816
oldpaths,6,copy_retained_contexts,observed,406315
oldpaths,6,record_tree,observed,6746460
oldpaths,6,reconstruction_route_bound,observed,1899026
oldpaths,9,retain_routes,observed,2647342
oldpaths,9,copy_retained_paths,observed,429525
oldpaths,9,copy_retained_units,observed,980826
oldpaths,9,copy_retained_contexts,observed,406345
oldpaths,9,record_tree,observed,6747276
oldpaths,9,reconstruction_route_bound,observed,1899051
oldpaths,10,retain_routes,observed,2647638
oldpaths,10,copy_retained_paths,observed,468745
oldpaths,10,copy_retained_units,observed,980906
oldpaths,10,copy_retained_contexts,observed,406375
oldpaths,10,record_tree,observed,6746460
oldpaths,10,reconstruction_route_bound,observed,1899026
oldpaths,17,retain_routes,observed,2647662
oldpaths,17,copy_retained_paths,observed,507935
oldpaths,17,copy_retained_units,observed,981006
oldpaths,17,copy_retained_contexts,observed,406465
oldpaths,17,record_tree,observed,6747276
oldpaths,17,reconstruction_route_bound,observed,1899399
oldpaths,18,retain_routes,observed,2647958
oldpaths,18,copy_retained_paths,observed,588119
oldpaths,18,copy_retained_units,observed,981086
oldpaths,18,copy_retained_contexts,observed,406495
oldpaths,18,record_tree,observed,6746460
oldpaths,18,reconstruction_route_bound,observed,1899026
oldpaths,19,retain_routes,observed,2647643
oldpaths,19,copy_retained_paths,observed,627339
oldpaths,19,copy_retained_units,observed,981051
oldpaths,19,copy_retained_contexts,observed,406468
oldpaths,19,record_tree,observed,6747276
oldpaths,19,reconstruction_route_bound,observed,1898877
oldpaths,20,retain_routes,observed,2648038
oldpaths,20,copy_retained_paths,observed,666559
oldpaths,20,copy_retained_units,observed,981131
oldpaths,20,copy_retained_contexts,observed,406525
oldpaths,20,record_tree,observed,6746460
oldpaths,20,reconstruction_route_bound,observed,1899026
oldpaths,23,retain_routes,observed,2647803
oldpaths,23,copy_retained_paths,observed,705779
oldpaths,23,copy_retained_units,observed,981141
oldpaths,23,copy_retained_contexts,observed,406516
oldpaths,23,record_tree,observed,6747276
oldpaths,23,reconstruction_route_bound,observed,1899051
oldpaths,24,retain_routes,observed,2648198
oldpaths,24,copy_retained_paths,observed,745029
oldpaths,24,copy_retained_units,observed,981221
oldpaths,24,copy_retained_contexts,observed,406585
oldpaths,24,record_tree,observed,6746460
oldpaths,24,reconstruction_route_bound,observed,1899026
oldpaths,29,retain_routes,observed,4695567
oldpaths,29,copy_retained_paths,observed,783938
oldpaths,29,copy_retained_units,observed,952807
oldpaths,29,copy_retained_contexts,observed,406622
oldpaths,29,record_tree,observed,4922
oldpaths,29,reconstruction_route_bound,observed,1183216
oldpaths,30,retain_routes,observed,4695846
oldpaths,30,copy_retained_paths,observed,784019
oldpaths,30,copy_retained_units,observed,952896
oldpaths,30,copy_retained_contexts,observed,406696
oldpaths,30,record_tree,observed,4101
oldpaths,30,reconstruction_route_bound,observed,1183017
oldpaths,35,retain_routes,observed,2648283
oldpaths,35,copy_retained_paths,observed,784270
oldpaths,35,copy_retained_units,observed,981276
oldpaths,35,copy_retained_contexts,observed,406578
oldpaths,35,record_tree,observed,6747276
oldpaths,35,reconstruction_route_bound,observed,1899225
oldpaths,36,retain_routes,observed,2648640
oldpaths,36,copy_retained_paths,observed,823545
oldpaths,36,copy_retained_units,observed,981491
oldpaths,36,copy_retained_contexts,observed,406765
oldpaths,36,record_tree,observed,6746460
oldpaths,36,reconstruction_route_bound,observed,1899026
oldpaths,39,retain_routes,observed,2648578
oldpaths,39,copy_retained_paths,observed,862795
oldpaths,39,copy_retained_units,observed,981501
oldpaths,39,copy_retained_contexts,observed,406795
oldpaths,39,record_tree,observed,6747276
oldpaths,39,reconstruction_route_bound,observed,1899051
oldpaths,40,retain_routes,observed,2648800
oldpaths,40,copy_retained_paths,observed,902015
oldpaths,40,copy_retained_units,observed,981581
oldpaths,40,copy_retained_contexts,observed,406825
oldpaths,40,record_tree,observed,6746460
oldpaths,40,reconstruction_route_bound,observed,1899026
oldpaths,51,retain_routes,observed,2649058
oldpaths,51,copy_retained_paths,observed,941235
oldpaths,51,copy_retained_units,observed,981771
oldpaths,51,copy_retained_contexts,observed,406975
oldpaths,51,record_tree,observed,6747276
oldpaths,51,reconstruction_route_bound,observed,1899747
oldpaths,52,retain_routes,observed,2649183
oldpaths,52,copy_retained_paths,observed,980425
oldpaths,52,copy_retained_units,observed,981851
oldpaths,52,copy_retained_contexts,observed,406995
oldpaths,52,record_tree,observed,6746460
oldpaths,52,reconstruction_route_bound,observed,1899026
oldunits,1,retain_routes,observed,7702875
oldunits,1,copy_retained_paths,observed,22647
oldunits,1,copy_retained_units,observed,1572503
oldunits,1,copy_retained_contexts,observed,406168
oldunits,1,record_tree,observed,6747276
oldunits,1,reconstruction_route_bound,observed,6954729
oldunits,2,retain_routes,observed,2647380
oldunits,2,copy_retained_paths,observed,40705
oldunits,2,copy_retained_units,observed,1572652
oldunits,2,copy_retained_contexts,observed,406255
oldunits,2,record_tree,observed,6746460
oldunits,2,reconstruction_route_bound,observed,1899026
oldunits,3,retain_routes,observed,2647138
oldunits,3,copy_retained_paths,observed,48505
oldunits,3,copy_retained_units,observed,1572626
oldunits,3,copy_retained_contexts,observed,406255
oldunits,3,record_tree,observed,6747276
oldunits,3,reconstruction_route_bound,observed,1898877
oldunits,4,retain_routes,observed,2647346
oldunits,4,copy_retained_paths,observed,56275
oldunits,4,copy_retained_units,observed,1572740
oldunits,4,copy_retained_contexts,observed,406280
oldunits,4,record_tree,observed,6746460
oldunits,4,reconstruction_route_bound,observed,1899026
oldunits,5,retain_routes,observed,2647282
oldunits,5,copy_retained_paths,observed,84522
oldunits,5,copy_retained_units,observed,1572714
oldunits,5,copy_retained_contexts,observed,406285
oldunits,5,record_tree,observed,6747276
oldunits,5,reconstruction_route_bound,observed,1898877
oldunits,6,retain_routes,observed,2647478
oldunits,6,copy_retained_paths,observed,92292
oldunits,6,copy_retained_units,observed,1572828
oldunits,6,copy_retained_contexts,observed,406315
oldunits,6,record_tree,observed,6746460
oldunits,6,reconstruction_route_bound,observed,1899026
oldunits,9,retain_routes,observed,2647342
oldunits,9,copy_retained_paths,observed,100062
oldunits,9,copy_retained_units,observed,1572890
oldunits,9,copy_retained_contexts,observed,406345
oldunits,9,record_tree,observed,6747276
oldunits,9,reconstruction_route_bound,observed,1899051
oldunits,10,retain_routes,observed,2647638
oldunits,10,copy_retained_paths,observed,107832
oldunits,10,copy_retained_units,observed,1573004
oldunits,10,copy_retained_contexts,observed,406375
oldunits,10,record_tree,observed,6746460
oldunits,10,reconstruction_route_bound,observed,1899026
oldunits,17,retain_routes,observed,2647662
oldunits,17,copy_retained_paths,observed,115572
oldunits,17,copy_retained_units,observed,1573242
oldunits,17,copy_retained_contexts,observed,406465
oldunits,17,record_tree,observed,6747276
oldunits,17,reconstruction_route_bound,observed,1899399
oldunits,18,retain_routes,observed,2647958
oldunits,18,copy_retained_paths,observed,164306
oldunits,18,copy_retained_units,observed,1573356
oldunits,18,copy_retained_contexts,observed,406495
oldunits,18,record_tree,observed,6746460
oldunits,18,reconstruction_route_bound,observed,1899026
oldunits,19,retain_routes,observed,2647643
oldunits,19,copy_retained_paths,observed,172076
oldunits,19,copy_retained_units,observed,1573330
oldunits,19,copy_retained_contexts,observed,406468
oldunits,19,record_tree,observed,6747276
oldunits,19,reconstruction_route_bound,observed,1898877
oldunits,20,retain_routes,observed,2648038
oldunits,20,copy_retained_paths,observed,179846
oldunits,20,copy_retained_units,observed,1573444
oldunits,20,copy_retained_contexts,observed,406525
oldunits,20,record_tree,observed,6746460
oldunits,20,reconstruction_route_bound,observed,1899026
oldunits,23,retain_routes,observed,2647803
oldunits,23,copy_retained_paths,observed,187616
oldunits,23,copy_retained_units,observed,1573506
oldunits,23,copy_retained_contexts,observed,406516
oldunits,23,record_tree,observed,6747276
oldunits,23,reconstruction_route_bound,observed,1899051
oldunits,24,retain_routes,observed,2648198
oldunits,24,copy_retained_paths,observed,195416
oldunits,24,copy_retained_units,observed,1573620
oldunits,24,copy_retained_contexts,observed,406585
oldunits,24,record_tree,observed,6746460
oldunits,24,reconstruction_route_bound,observed,1899026
oldunits,29,retain_routes,observed,4695567
oldunits,29,copy_retained_paths,observed,202875
oldunits,29,copy_retained_units,observed,2342461
oldunits,29,copy_retained_contexts,observed,406622
oldunits,29,record_tree,observed,4922
oldunits,29,reconstruction_route_bound,observed,1183216
oldunits,30,retain_routes,observed,4695846
oldunits,30,copy_retained_paths,observed,202914
oldunits,30,copy_retained_units,observed,2342584
oldunits,30,copy_retained_contexts,observed,406696
oldunits,30,record_tree,observed,4101
oldunits,30,reconstruction_route_bound,observed,1183017
oldunits,35,retain_routes,observed,2648283
oldunits,35,copy_retained_paths,observed,203122
oldunits,35,copy_retained_units,observed,1573899
oldunits,35,copy_retained_contexts,observed,406578
oldunits,35,record_tree,observed,6747276
oldunits,35,reconstruction_route_bound,observed,1899225
oldunits,36,retain_routes,observed,2648640
oldunits,36,copy_retained_paths,observed,210947
oldunits,36,copy_retained_units,observed,1574148
oldunits,36,copy_retained_contexts,observed,406765
oldunits,36,record_tree,observed,6746460
oldunits,36,reconstruction_route_bound,observed,1899026
oldunits,39,retain_routes,observed,2648578
oldunits,39,copy_retained_paths,observed,218747
oldunits,39,copy_retained_units,observed,1574210
oldunits,39,copy_retained_contexts,observed,406795
oldunits,39,record_tree,observed,6747276
oldunits,39,reconstruction_route_bound,observed,1899051
oldunits,40,retain_routes,observed,2648800
oldunits,40,copy_retained_paths,observed,226517
oldunits,40,copy_retained_units,observed,1574324
oldunits,40,copy_retained_contexts,observed,406825
oldunits,40,record_tree,observed,6746460
oldunits,40,reconstruction_route_bound,observed,1899026
oldunits,51,retain_routes,observed,2649058
oldunits,51,copy_retained_paths,observed,234287
oldunits,51,copy_retained_units,observed,1574738
oldunits,51,copy_retained_contexts,observed,406975
oldunits,51,record_tree,observed,6747276
oldunits,51,reconstruction_route_bound,observed,1899747
oldunits,52,retain_routes,observed,2649183
oldunits,52,copy_retained_paths,observed,242027
oldunits,52,copy_retained_units,observed,1574852
oldunits,52,copy_retained_contexts,observed,406995
oldunits,52,record_tree,observed,6746460
oldunits,52,reconstruction_route_bound,observed,1899026
oldcontexts,1,retain_routes,observed,7702875
oldcontexts,1,copy_retained_paths,observed,22647
oldcontexts,1,copy_retained_units,observed,980611
oldcontexts,1,copy_retained_contexts,observed,738894
oldcontexts,1,record_tree,observed,6747276
oldcontexts,1,reconstruction_route_bound,observed,6954729
oldcontexts,2,retain_routes,observed,2647380
oldcontexts,2,copy_retained_paths,observed,40705
oldcontexts,2,copy_retained_units,observed,980726
oldcontexts,2,copy_retained_contexts,observed,738997
oldcontexts,2,record_tree,observed,6746460
oldcontexts,2,reconstruction_route_bound,observed,1899026
oldcontexts,3,retain_routes,observed,2647138
oldcontexts,3,copy_retained_paths,observed,48505
oldcontexts,3,copy_retained_units,observed,980691
oldcontexts,3,copy_retained_contexts,observed,739007
oldcontexts,3,record_tree,observed,6747276
oldcontexts,3,reconstruction_route_bound,observed,1898877
oldcontexts,4,retain_routes,observed,2647346
oldcontexts,4,copy_retained_paths,observed,56275
oldcontexts,4,copy_retained_units,observed,980771
oldcontexts,4,copy_retained_contexts,observed,739048
oldcontexts,4,record_tree,observed,6746460
oldcontexts,4,reconstruction_route_bound,observed,1899026
oldcontexts,5,retain_routes,observed,2647282
oldcontexts,5,copy_retained_paths,observed,84522
oldcontexts,5,copy_retained_units,observed,980736
oldcontexts,5,copy_retained_contexts,observed,739063
oldcontexts,5,record_tree,observed,6747276
oldcontexts,5,reconstruction_route_bound,observed,1898877
oldcontexts,6,retain_routes,observed,2647478
oldcontexts,6,copy_retained_paths,observed,92292
oldcontexts,6,copy_retained_units,observed,980816
oldcontexts,6,copy_retained_contexts,observed,739109
oldcontexts,6,record_tree,observed,6746460
oldcontexts,6,reconstruction_route_bound,observed,1899026
oldcontexts,9,retain_routes,observed,2647342
oldcontexts,9,copy_retained_paths,observed,100062
oldcontexts,9,copy_retained_units,observed,980826
oldcontexts,9,copy_retained_contexts,observed,739175
oldcontexts,9,record_tree,observed,6747276
oldcontexts,9,reconstruction_route_bound,observed,1899051
oldcontexts,10,retain_routes,observed,2647638
oldcontexts,10,copy_retained_paths,observed,107832
oldcontexts,10,copy_retained_units,observed,980906
oldcontexts,10,copy_retained_contexts,observed,739221
oldcontexts,10,record_tree,observed,6746460
oldcontexts,10,reconstruction_route_bound,observed,1899026
oldcontexts,17,retain_routes,observed,2647662
oldcontexts,17,copy_retained_paths,observed,115572
oldcontexts,17,copy_retained_units,observed,981006
oldcontexts,17,copy_retained_contexts,observed,739399
oldcontexts,17,record_tree,observed,6747276
oldcontexts,17,reconstruction_route_bound,observed,1899399
oldcontexts,18,retain_routes,observed,2647958
oldcontexts,18,copy_retained_paths,observed,164306
oldcontexts,18,copy_retained_units,observed,981086
oldcontexts,18,copy_retained_contexts,observed,739445
oldcontexts,18,record_tree,observed,6746460
oldcontexts,18,reconstruction_route_bound,observed,1899026
oldcontexts,19,retain_routes,observed,2647643
oldcontexts,19,copy_retained_paths,observed,172076
oldcontexts,19,copy_retained_units,observed,981051
oldcontexts,19,copy_retained_contexts,observed,739428
oldcontexts,19,record_tree,observed,6747276
oldcontexts,19,reconstruction_route_bound,observed,1898877
oldcontexts,20,retain_routes,observed,2648038
oldcontexts,20,copy_retained_paths,observed,179846
oldcontexts,20,copy_retained_units,observed,981131
oldcontexts,20,copy_retained_contexts,observed,739501
oldcontexts,20,record_tree,observed,6746460
oldcontexts,20,reconstruction_route_bound,observed,1899026
oldcontexts,23,retain_routes,observed,2647803
oldcontexts,23,copy_retained_paths,observed,187616
oldcontexts,23,copy_retained_units,observed,981141
oldcontexts,23,copy_retained_contexts,observed,739528
oldcontexts,23,record_tree,observed,6747276
oldcontexts,23,reconstruction_route_bound,observed,1899051
oldcontexts,24,retain_routes,observed,2648198
oldcontexts,24,copy_retained_paths,observed,195416
oldcontexts,24,copy_retained_units,observed,981221
oldcontexts,24,copy_retained_contexts,observed,739613
oldcontexts,24,record_tree,observed,6746460
oldcontexts,24,reconstruction_route_bound,observed,1899026
oldcontexts,29,retain_routes,observed,4695567
oldcontexts,29,copy_retained_paths,observed,202875
oldcontexts,29,copy_retained_units,observed,952807
oldcontexts,29,copy_retained_contexts,observed,789398
oldcontexts,29,record_tree,observed,4922
oldcontexts,29,reconstruction_route_bound,observed,1183216
oldcontexts,30,retain_routes,observed,4695846
oldcontexts,30,copy_retained_paths,observed,202914
oldcontexts,30,copy_retained_units,observed,952896
oldcontexts,30,copy_retained_contexts,observed,789488
oldcontexts,30,record_tree,observed,4101
oldcontexts,30,reconstruction_route_bound,observed,1183017
oldcontexts,35,retain_routes,observed,2648283
oldcontexts,35,copy_retained_paths,observed,203122
oldcontexts,35,copy_retained_units,observed,981276
oldcontexts,35,copy_retained_contexts,observed,739746
oldcontexts,35,record_tree,observed,6747276
oldcontexts,35,reconstruction_route_bound,observed,1899225
oldcontexts,36,retain_routes,observed,2648640
oldcontexts,36,copy_retained_paths,observed,210947
oldcontexts,36,copy_retained_units,observed,981491
oldcontexts,36,copy_retained_contexts,observed,739949
oldcontexts,36,record_tree,observed,6746460
oldcontexts,36,reconstruction_route_bound,observed,1899026
oldcontexts,39,retain_routes,observed,2648578
oldcontexts,39,copy_retained_paths,observed,218747
oldcontexts,39,copy_retained_units,observed,981501
oldcontexts,39,copy_retained_contexts,observed,740015
oldcontexts,39,record_tree,observed,6747276
oldcontexts,39,reconstruction_route_bound,observed,1899051
oldcontexts,40,retain_routes,observed,2648800
oldcontexts,40,copy_retained_paths,observed,226517
oldcontexts,40,copy_retained_units,observed,981581
oldcontexts,40,copy_retained_contexts,observed,740061
oldcontexts,40,record_tree,observed,6746460
oldcontexts,40,reconstruction_route_bound,observed,1899026
oldcontexts,51,retain_routes,observed,2649058
oldcontexts,51,copy_retained_paths,observed,234287
oldcontexts,51,copy_retained_units,observed,981771
oldcontexts,51,copy_retained_contexts,observed,740351
oldcontexts,51,record_tree,observed,6747276
oldcontexts,51,reconstruction_route_bound,observed,1899747
oldcontexts,52,retain_routes,observed,2649183
oldcontexts,52,copy_retained_paths,observed,242027
oldcontexts,52,copy_retained_units,observed,981851
oldcontexts,52,copy_retained_contexts,observed,740387
oldcontexts,52,record_tree,observed,6746460
oldcontexts,52,reconstruction_route_bound,observed,1899026
noreserve,1,retain_routes,observed,7977199
noreserve,1,copy_retained_paths,observed,22647
noreserve,1,copy_retained_units,observed,980611
noreserve,1,copy_retained_contexts,observed,406168
noreserve,1,record_tree,observed,13562723
noreserve,1,reconstruction_route_bound,unverified-boundary,
noreserve,2,retain_routes,observed,7950849
noreserve,2,copy_retained_paths,observed,40735
noreserve,2,copy_retained_units,observed,980726
noreserve,2,copy_retained_contexts,observed,406255
noreserve,2,record_tree,observed,13523309
noreserve,2,reconstruction_route_bound,unverified-boundary,
noreserve,3,retain_routes,observed,7950618
noreserve,3,copy_retained_paths,observed,48505
noreserve,3,copy_retained_units,observed,980691
noreserve,3,copy_retained_contexts,observed,406255
noreserve,3,record_tree,observed,13473654
noreserve,3,reconstruction_route_bound,unverified-boundary,
noreserve,4,retain_routes,observed,7952367
noreserve,4,copy_retained_paths,observed,56275
noreserve,4,copy_retained_units,observed,980771
noreserve,4,copy_retained_contexts,observed,406285
noreserve,4,record_tree,observed,13457526
noreserve,4,reconstruction_route_bound,unverified-boundary,
noreserve,5,retain_routes,observed,7951093
noreserve,5,copy_retained_paths,observed,84492
noreserve,5,copy_retained_units,observed,980736
noreserve,5,copy_retained_contexts,observed,406285
noreserve,5,record_tree,observed,13469174
noreserve,5,reconstruction_route_bound,unverified-boundary,
noreserve,6,retain_routes,observed,7951644
noreserve,6,copy_retained_paths,observed,92262
noreserve,6,copy_retained_units,observed,980816
noreserve,6,copy_retained_contexts,observed,406315
noreserve,6,record_tree,observed,13459622
noreserve,6,reconstruction_route_bound,unverified-boundary,
noreserve,9,retain_routes,observed,7950431
noreserve,9,copy_retained_paths,observed,100062
noreserve,9,copy_retained_units,observed,980826
noreserve,9,copy_retained_contexts,observed,406345
noreserve,9,record_tree,observed,13442555
noreserve,9,reconstruction_route_bound,unverified-boundary,
noreserve,10,retain_routes,observed,7954505
noreserve,10,copy_retained_paths,observed,107802
noreserve,10,copy_retained_units,observed,980906
noreserve,10,copy_retained_contexts,observed,406375
noreserve,10,record_tree,observed,13419669
noreserve,10,reconstruction_route_bound,unverified-boundary,
noreserve,17,retain_routes,observed,7951506
noreserve,17,copy_retained_paths,observed,115572
noreserve,17,copy_retained_units,observed,981006
noreserve,17,copy_retained_contexts,observed,406465
noreserve,17,record_tree,observed,13439362
noreserve,17,reconstruction_route_bound,unverified-boundary,
noreserve,18,retain_routes,observed,7951768
noreserve,18,copy_retained_paths,observed,164306
noreserve,18,copy_retained_units,observed,981086
noreserve,18,copy_retained_contexts,observed,406495
noreserve,18,record_tree,observed,13486325
noreserve,18,reconstruction_route_bound,unverified-boundary,
noreserve,19,retain_routes,observed,7950019
noreserve,19,copy_retained_paths,observed,172106
noreserve,19,copy_retained_units,observed,981051
noreserve,19,copy_retained_contexts,observed,406495
noreserve,19,record_tree,observed,13515156
noreserve,19,reconstruction_route_bound,unverified-boundary,
noreserve,20,retain_routes,observed,7952789
noreserve,20,copy_retained_paths,observed,179846
noreserve,20,copy_retained_units,observed,981131
noreserve,20,copy_retained_contexts,observed,406525
noreserve,20,record_tree,observed,13461473
noreserve,20,reconstruction_route_bound,unverified-boundary,
noreserve,23,retain_routes,observed,7954856
noreserve,23,copy_retained_paths,observed,187646
noreserve,23,copy_retained_units,observed,981141
noreserve,23,copy_retained_contexts,observed,406555
noreserve,23,record_tree,observed,13434128
noreserve,23,reconstruction_route_bound,unverified-boundary,
noreserve,24,retain_routes,observed,7953152
noreserve,24,copy_retained_paths,observed,195416
noreserve,24,copy_retained_units,observed,981221
noreserve,24,copy_retained_contexts,observed,406585
noreserve,24,record_tree,observed,13424911
noreserve,24,reconstruction_route_bound,unverified-boundary,
noreserve,29,retain_routes,observed,13600005
noreserve,29,copy_retained_paths,observed,202875
noreserve,29,copy_retained_units,observed,952825
noreserve,29,copy_retained_contexts,observed,406623
noreserve,29,record_tree,observed,10873
noreserve,29,reconstruction_route_bound,unverified-boundary,
noreserve,30,retain_routes,observed,13908112
noreserve,30,copy_retained_paths,observed,202898
noreserve,30,copy_retained_units,observed,952881
noreserve,30,copy_retained_contexts,observed,406663
noreserve,30,record_tree,observed,8423
noreserve,30,reconstruction_route_bound,unverified-boundary,
noreserve,35,retain_routes,observed,7952355
noreserve,35,copy_retained_paths,observed,203177
noreserve,35,copy_retained_units,observed,981411
noreserve,35,copy_retained_contexts,observed,406735
noreserve,35,record_tree,observed,13441346
noreserve,35,reconstruction_route_bound,unverified-boundary,
noreserve,36,retain_routes,observed,7965148
noreserve,36,copy_retained_paths,observed,210977
noreserve,36,copy_retained_units,observed,981491
noreserve,36,copy_retained_contexts,observed,406765
noreserve,36,record_tree,observed,13431622
noreserve,36,reconstruction_route_bound,unverified-boundary,
noreserve,39,retain_routes,observed,7951841
noreserve,39,copy_retained_paths,observed,218747
noreserve,39,copy_retained_units,observed,981501
noreserve,39,copy_retained_contexts,observed,406795
noreserve,39,record_tree,observed,13436928
noreserve,39,reconstruction_route_bound,unverified-boundary,
noreserve,40,retain_routes,observed,7962631
noreserve,40,copy_retained_paths,observed,226487
noreserve,40,copy_retained_units,observed,981581
noreserve,40,copy_retained_contexts,observed,406825
noreserve,40,record_tree,observed,13430392
noreserve,40,reconstruction_route_bound,unverified-boundary,
noreserve,51,retain_routes,observed,7952524
noreserve,51,copy_retained_paths,observed,234287
noreserve,51,copy_retained_units,observed,981771
noreserve,51,copy_retained_contexts,observed,406975
noreserve,51,record_tree,observed,13421913
noreserve,51,reconstruction_route_bound,unverified-boundary,
noreserve,52,retain_routes,observed,7959964
noreserve,52,copy_retained_paths,observed,242057
noreserve,52,copy_retained_units,observed,981851
noreserve,52,copy_retained_contexts,observed,407005
noreserve,52,record_tree,observed,13423404
noreserve,52,reconstruction_route_bound,unverified-boundary,
widebound,1,retain_routes,observed,7866722
widebound,1,copy_retained_paths,observed,22647
widebound,1,copy_retained_units,observed,980611
widebound,1,copy_retained_contexts,observed,406168
widebound,1,record_tree,observed,6747276
widebound,1,reconstruction_route_bound,unverified-boundary,
widebound,2,retain_routes,observed,2811227
widebound,2,copy_retained_paths,observed,40705
widebound,2,copy_retained_units,observed,980726
widebound,2,copy_retained_contexts,observed,406255
widebound,2,record_tree,observed,6746460
widebound,2,reconstruction_route_bound,unverified-boundary,
widebound,3,retain_routes,observed,2810985
widebound,3,copy_retained_paths,observed,48505
widebound,3,copy_retained_units,observed,980691
widebound,3,copy_retained_contexts,observed,406255
widebound,3,record_tree,observed,6747276
widebound,3,reconstruction_route_bound,unverified-boundary,
widebound,4,retain_routes,observed,2811193
widebound,4,copy_retained_paths,observed,56275
widebound,4,copy_retained_units,observed,980771
widebound,4,copy_retained_contexts,observed,406280
widebound,4,record_tree,observed,6746460
widebound,4,reconstruction_route_bound,unverified-boundary,
widebound,5,retain_routes,observed,2811129
widebound,5,copy_retained_paths,observed,84522
widebound,5,copy_retained_units,observed,980736
widebound,5,copy_retained_contexts,observed,406285
widebound,5,record_tree,observed,6747276
widebound,5,reconstruction_route_bound,unverified-boundary,
widebound,6,retain_routes,observed,2811325
widebound,6,copy_retained_paths,observed,92287
widebound,6,copy_retained_units,observed,980816
widebound,6,copy_retained_contexts,observed,406305
widebound,6,record_tree,observed,6746460
widebound,6,reconstruction_route_bound,unverified-boundary,
widebound,9,retain_routes,observed,2811189
widebound,9,copy_retained_paths,observed,100062
widebound,9,copy_retained_units,observed,980826
widebound,9,copy_retained_contexts,observed,406345
widebound,9,record_tree,observed,6747276
widebound,9,reconstruction_route_bound,unverified-boundary,
widebound,10,retain_routes,observed,2811485
widebound,10,copy_retained_paths,observed,107802
widebound,10,copy_retained_units,observed,980906
widebound,10,copy_retained_contexts,observed,406375
widebound,10,record_tree,observed,6746460
widebound,10,reconstruction_route_bound,unverified-boundary,
widebound,17,retain_routes,observed,2811410
widebound,17,copy_retained_paths,observed,115602
widebound,17,copy_retained_units,observed,981006
widebound,17,copy_retained_contexts,observed,406455
widebound,17,record_tree,observed,6747276
widebound,17,reconstruction_route_bound,unverified-boundary,
widebound,18,retain_routes,observed,2811805
widebound,18,copy_retained_paths,observed,164306
widebound,18,copy_retained_units,observed,981086
widebound,18,copy_retained_contexts,observed,406495
widebound,18,record_tree,observed,6746460
widebound,18,reconstruction_route_bound,unverified-boundary,
widebound,19,retain_routes,observed,2811490
widebound,19,copy_retained_paths,observed,172076
widebound,19,copy_retained_units,observed,981051
widebound,19,copy_retained_contexts,observed,406452
widebound,19,record_tree,observed,6747276
widebound,19,reconstruction_route_bound,unverified-boundary,
widebound,20,retain_routes,observed,2811885
widebound,20,copy_retained_paths,observed,179846
widebound,20,copy_retained_units,observed,981131
widebound,20,copy_retained_contexts,observed,406525
widebound,20,record_tree,observed,6746460
widebound,20,reconstruction_route_bound,unverified-boundary,
widebound,23,retain_routes,observed,2811747
widebound,23,copy_retained_paths,observed,187646
widebound,23,copy_retained_units,observed,981103
widebound,23,copy_retained_contexts,observed,406453
widebound,23,record_tree,observed,6747276
widebound,23,reconstruction_route_bound,unverified-boundary,
widebound,24,retain_routes,observed,2812045
widebound,24,copy_retained_paths,observed,195416
widebound,24,copy_retained_units,observed,981221
widebound,24,copy_retained_contexts,observed,406585
widebound,24,record_tree,observed,6746460
widebound,24,reconstruction_route_bound,unverified-boundary,
widebound,29,retain_routes,observed,4695581
widebound,29,copy_retained_paths,observed,202875
widebound,29,copy_retained_units,observed,952819
widebound,29,copy_retained_contexts,observed,406633
widebound,29,record_tree,observed,4922
widebound,29,reconstruction_route_bound,unverified-boundary,
widebound,30,retain_routes,observed,4695851
widebound,30,copy_retained_paths,observed,202886
widebound,30,copy_retained_units,observed,952888
widebound,30,copy_retained_contexts,observed,406691
widebound,30,record_tree,observed,4101
widebound,30,reconstruction_route_bound,unverified-boundary,
widebound,35,retain_routes,observed,2812130
widebound,35,copy_retained_paths,observed,203061
widebound,35,copy_retained_units,observed,981276
widebound,35,copy_retained_contexts,observed,406578
widebound,35,record_tree,observed,6747276
widebound,35,reconstruction_route_bound,unverified-boundary,
widebound,36,retain_routes,observed,2812487
widebound,36,copy_retained_paths,observed,210947
widebound,36,copy_retained_units,observed,981491
widebound,36,copy_retained_contexts,observed,406765
widebound,36,record_tree,observed,6746460
widebound,36,reconstruction_route_bound,unverified-boundary,
widebound,39,retain_routes,observed,2812425
widebound,39,copy_retained_paths,observed,218717
widebound,39,copy_retained_units,observed,981501
widebound,39,copy_retained_contexts,observed,406795
widebound,39,record_tree,observed,6747276
widebound,39,reconstruction_route_bound,unverified-boundary,
widebound,40,retain_routes,observed,2812550
widebound,40,copy_retained_paths,observed,226487
widebound,40,copy_retained_units,observed,981581
widebound,40,copy_retained_contexts,observed,406815
widebound,40,record_tree,observed,6746460
widebound,40,reconstruction_route_bound,unverified-boundary,
widebound,51,retain_routes,observed,2812905
widebound,51,copy_retained_paths,observed,234257
widebound,51,copy_retained_units,observed,981771
widebound,51,copy_retained_contexts,observed,406975
widebound,51,record_tree,observed,6747276
widebound,51,reconstruction_route_bound,unverified-boundary,
widebound,52,retain_routes,observed,2813030
widebound,52,copy_retained_paths,observed,242057
widebound,52,copy_retained_units,observed,981851
widebound,52,copy_retained_contexts,observed,406978
widebound,52,record_tree,observed,6746460
widebound,52,reconstruction_route_bound,unverified-boundary,
