cohort,mode,round,edit,reconstruction_ns,layout_ns,bookkeeping_ns,total_ns
main,seq,1,1,7791468,21476441,254528,29522437
main,seq,1,2,7458426,21561312,245635,29265373
main,seq,1,3,7127324,21552266,288237,28967827
main,seq,1,4,7597281,21648141,279500,29524922
main,seq,1,5,7390476,22051559,498271,29940306
main,seq,1,6,7669467,21585132,497882,29752481
main,seq,1,9,7246456,21777129,502592,29526177
main,seq,1,10,7568998,21689443,559250,29817691
main,seq,1,17,7393256,21680442,353560,29427258
main,seq,1,18,7320454,21699400,356097,29375951
main,seq,1,19,7489919,21614341,566535,29670795
main,seq,1,20,7506162,21635003,510365,29651530
main,seq,1,23,7436200,21586516,247283,29269999
main,seq,1,24,7329732,21457054,233184,29019970
main,seq,1,29,778620,289221,150838,1218679
main,seq,1,30,660023,200064,96580,956667
main,seq,1,35,7352113,23163915,158678,30674706
main,seq,1,36,8129865,21679877,140029,29949771
main,seq,1,39,7384886,21614313,346251,29345450
main,seq,1,40,7457279,21916291,331303,29704873
main,seq,1,51,7608693,21820158,521702,29950553
main,seq,1,52,7406110,21883988,500331,29790429
maintwin,seq,1,1,7778242,21380200,263675,29422117
maintwin,seq,1,2,7525634,21430983,236870,29193487
maintwin,seq,1,3,7153027,21445622,298528,28897177
maintwin,seq,1,4,7610750,21661112,289878,29561740
maintwin,seq,1,5,7423181,21685671,508717,29617569
maintwin,seq,1,6,7647699,21752280,507239,29907218
maintwin,seq,1,9,7303995,21466722,515933,29286650
maintwin,seq,1,10,7455865,21430295,550847,29437007
maintwin,seq,1,17,7760780,21909889,376741,30047410
maintwin,seq,1,18,7421001,21943900,354900,29719801
maintwin,seq,1,19,7441312,21960142,559644,29961098
maintwin,seq,1,20,7357925,21766160,523656,29647741
maintwin,seq,1,23,7679834,21818285,252851,29750970
maintwin,seq,1,24,7362213,21862970,229396,29454579
maintwin,seq,1,29,779745,306807,152745,1239297
maintwin,seq,1,30,669952,206541,95764,972257
maintwin,seq,1,35,7218831,21285418,153374,28657623
maintwin,seq,1,36,7206237,21443298,137926,28787461
maintwin,seq,1,39,7232954,21885383,341542,29459879
maintwin,seq,1,40,7409910,21970986,340980,29721876
maintwin,seq,1,51,7301056,21495402,525087,29321545
maintwin,seq,1,52,7216455,22234120,486555,29937130
before,seq,1,1,19300617,26854560,409420,46564597
before,seq,1,2,16352671,26379152,278996,43010819
before,seq,1,3,16970452,27066711,440786,44477949
before,seq,1,4,17321651,27162239,324441,44808331
before,seq,1,5,17484179,27632512,692989,45809680
before,seq,1,6,17472387,27047212,587479,45107078
before,seq,1,9,17237811,26888659,740084,44866554
before,seq,1,10,16954342,26844331,627541,44426214
before,seq,1,17,17582107,27313415,522166,45417688
before,seq,1,18,17254061,26888370,419379,44561810
before,seq,1,19,17089906,26667301,772899,44530106
before,seq,1,20,17331381,27072865,631835,45036081
before,seq,1,23,17072806,26731137,348101,44152044
before,seq,1,24,16976819,26815082,245713,44037614
before,seq,1,29,4074055,471543,259829,4805427
before,seq,1,30,4126382,459805,151079,4737266
before,seq,1,35,17041334,26452627,159286,43653247
before,seq,1,36,16828323,26325848,150692,43304863
before,seq,1,39,16911866,26500352,453457,43865675
before,seq,1,40,16902979,26450166,375126,43728271
before,seq,1,51,16902034,26748224,670201,44320459
before,seq,1,52,16784366,26238182,564623,43587171
beforetwin,seq,1,1,19003625,26329295,423058,45755978
beforetwin,seq,1,2,16484146,26618717,276872,43379735
beforetwin,seq,1,3,16621944,26078539,437067,43137550
beforetwin,seq,1,4,17240850,26724627,318928,44284405
beforetwin,seq,1,5,16876988,26834039,665386,44376413
beforetwin,seq,1,6,17307866,27001256,583130,44892252
beforetwin,seq,1,9,17316234,26518578,756660,44591472
beforetwin,seq,1,10,16827224,26596059,630622,44053905
beforetwin,seq,1,17,16903402,26683045,504701,44091148
beforetwin,seq,1,18,17084663,26404303,406542,43895508
beforetwin,seq,1,19,17291764,27096836,727006,45115606
beforetwin,seq,1,20,17454897,26814672,618073,44887642
beforetwin,seq,1,23,17020096,26670874,354578,44045548
beforetwin,seq,1,24,16961924,26468305,262439,43692668
beforetwin,seq,1,29,3978232,473664,263661,4715557
beforetwin,seq,1,30,4145478,465789,136382,4747649
beforetwin,seq,1,35,17594521,27248754,168737,45012012
beforetwin,seq,1,36,17283664,26892311,148904,44324879
beforetwin,seq,1,39,17303577,26887209,466904,44657690
beforetwin,seq,1,40,17182250,26874090,381611,44437951
beforetwin,seq,1,51,16947136,26633817,648123,44229076
beforetwin,seq,1,52,17044350,26929933,570773,44545056
candidate,seq,1,1,17251043,26556075,412321,44219439
candidate,seq,1,2,13306132,26499662,261835,40067629
candidate,seq,1,3,13515953,26577748,415592,40509293
candidate,seq,1,4,13669767,26704797,322018,40696582
candidate,seq,1,5,14025316,26697090,669000,41391406
candidate,seq,1,6,13937101,26756602,667669,41361372
candidate,seq,1,9,13772641,26740827,718092,41231560
candidate,seq,1,10,14029977,26862359,620804,41513140
candidate,seq,1,17,13901927,26750802,482834,41135563
candidate,seq,1,18,14232630,26833218,406516,41472364
candidate,seq,1,19,13913460,26823857,707800,41445117
candidate,seq,1,20,13912791,26778236,631790,41322817
candidate,seq,1,23,13796766,26445337,367232,40609335
candidate,seq,1,24,13844707,26708783,254311,40807801
candidate,seq,1,29,1104628,449901,308973,1863502
candidate,seq,1,30,979042,349353,140967,1469362
candidate,seq,1,35,13778468,26843599,147945,40770012
candidate,seq,1,36,13752007,26925500,148104,40825611
candidate,seq,1,39,14220739,27034885,477952,41733576
candidate,seq,1,40,13956416,27073982,365483,41395881
candidate,seq,1,51,13977110,26722958,679722,41379790
candidate,seq,1,52,13949706,26982367,568980,41501053
candidatetwin,seq,1,1,16919608,26809738,403340,44132686
candidatetwin,seq,1,2,13569950,26546524,264263,40380737
candidatetwin,seq,1,3,13642669,26840693,412200,40895562
candidatetwin,seq,1,4,13888763,27088724,315371,41292858
candidatetwin,seq,1,5,14190136,27300492,699577,42190205
candidatetwin,seq,1,6,14060061,27004475,577416,41641952
candidatetwin,seq,1,9,14011962,27441325,717455,42170742
candidatetwin,seq,1,10,13899299,26944590,608750,41452639
candidatetwin,seq,1,17,14229856,26869848,519545,41619249
candidatetwin,seq,1,18,13776687,26724904,397887,40899478
candidatetwin,seq,1,19,13601471,27426439,738470,41766380
candidatetwin,seq,1,20,14086850,26993959,607579,41688388
candidatetwin,seq,1,23,14026553,26966229,372375,41365157
candidatetwin,seq,1,24,13903042,26808032,272629,40983703
candidatetwin,seq,1,29,1041183,455575,255742,1752500
candidatetwin,seq,1,30,1007251,332223,123709,1463183
candidatetwin,seq,1,35,13982721,27116090,153807,41252618
candidatetwin,seq,1,36,14089665,26792154,146250,41028069
candidatetwin,seq,1,39,13947212,26617045,483364,41047621
candidatetwin,seq,1,40,13841108,26544976,366413,40752497
candidatetwin,seq,1,51,13743309,27273479,630227,41647015
candidatetwin,seq,1,52,13713604,26735363,569865,41018832
main,par,1,1,9900912,21032902,346906,31280720
main,par,1,2,9631363,20765328,296014,30692705
main,par,1,3,9622156,21220355,362451,31204962
main,par,1,4,9950817,20532799,369944,30853560
main,par,1,5,9987442,21592990,622316,32202748
main,par,1,6,9669116,21537240,614053,31820409
main,par,1,9,9762226,22089087,628926,32480239
main,par,1,10,10967870,21097087,689101,32754058
main,par,1,17,9992486,21203517,452514,31648517
main,par,1,18,9768346,21050411,436696,31255453
main,par,1,19,9922674,21250349,674785,31847808
main,par,1,20,10234120,21171115,646078,32051313
main,par,1,23,9705959,21784502,304041,31794502
main,par,1,24,9919275,23225038,305346,33449659
main,par,1,29,931794,363796,194538,1490128
main,par,1,30,896355,313392,147085,1356832
main,par,1,35,9967120,21339473,210812,31517405
main,par,1,36,10071980,20848758,188562,31109300
main,par,1,39,9789871,21031877,446056,31267804
main,par,1,40,9723317,20992078,414712,31130107
main,par,1,51,10000774,21423885,644241,32068900
main,par,1,52,9811773,21137534,611721,31561028
maintwin,par,1,1,10469140,20701032,340120,31510292
maintwin,par,1,2,9968921,21067408,308104,31344433
maintwin,par,1,3,9732809,21773170,384202,31890181
maintwin,par,1,4,10194827,21621871,371654,32188352
maintwin,par,1,5,10017061,21396560,630291,32043912
maintwin,par,1,6,10150465,20926334,614034,31690833
maintwin,par,1,9,9596848,21316029,610085,31522962
maintwin,par,1,10,9704045,21120369,653486,31477900
maintwin,par,1,17,10386670,20705535,463923,31556128
maintwin,par,1,18,9876212,21231230,486000,31593442
maintwin,par,1,19,9735050,21823479,643390,32201919
maintwin,par,1,20,9882756,21195552,645355,31723663
maintwin,par,1,23,10049278,21046094,304445,31399817
maintwin,par,1,24,10101142,20673921,299103,31074166
maintwin,par,1,29,961878,370474,195517,1527869
maintwin,par,1,30,856533,310781,149296,1316610
maintwin,par,1,35,10664892,21159255,201084,32025231
maintwin,par,1,36,10403191,21500186,185701,32089078
maintwin,par,1,39,10051065,21439346,459148,31949559
maintwin,par,1,40,9834525,20929598,409725,31173848
maintwin,par,1,51,9993244,20467465,629055,31089764
maintwin,par,1,52,9916155,20977430,591026,31484611
before,par,1,1,21459330,26439444,548599,48447373
before,par,1,2,19183832,26496854,387361,46068047
before,par,1,3,19708561,26750809,566010,47025380
before,par,1,4,19919716,25880535,411592,46211843
before,par,1,5,19732009,26348092,877251,46957352
before,par,1,6,19851906,26410726,715462,46978094
before,par,1,9,19333543,25448818,863755,45646116
before,par,1,10,19359383,25839127,788177,45986687
before,par,1,17,19524086,25618579,624221,45766886
before,par,1,18,19690239,25864500,515928,46070667
before,par,1,19,19902268,25451560,925557,46279385
before,par,1,20,19329641,26117184,823668,46270493
before,par,1,23,19548742,25801557,436648,45786947
before,par,1,24,19524303,26001191,319389,45844883
before,par,1,29,4435083,774480,385721,5595284
before,par,1,30,4545385,753144,199016,5497545
before,par,1,35,19707001,25792522,208035,45707558
before,par,1,36,19786672,26155208,240068,46181948
before,par,1,39,19972907,27310958,634950,47918815
before,par,1,40,20035895,26065827,502177,46603899
before,par,1,51,19497449,25947494,802572,46247515
before,par,1,52,19954858,26376083,698119,47029060
beforetwin,par,1,1,21653070,26825001,542992,49021063
beforetwin,par,1,2,18914352,26004215,369252,45287819
beforetwin,par,1,3,19409572,25627611,583462,45620645
beforetwin,par,1,4,19576729,25889642,407961,45874332
beforetwin,par,1,5,19562289,27252634,860828,47675751
beforetwin,par,1,6,20028814,26765017,721565,47515396
beforetwin,par,1,9,19981475,27132907,922294,48036676
beforetwin,par,1,10,19944477,27652483,828712,48425672
beforetwin,par,1,17,19989848,27402423,683107,48075378
beforetwin,par,1,18,20179514,27101834,544829,47826177
beforetwin,par,1,19,20227327,27979922,938621,49145870
beforetwin,par,1,20,20482546,27007325,814032,48303903
beforetwin,par,1,23,20162829,27171496,506221,47840546
beforetwin,par,1,24,19899016,26584864,343763,46827643
beforetwin,par,1,29,4392572,797003,364997,5554572
beforetwin,par,1,30,4713207,819116,194480,5726803
beforetwin,par,1,35,20310931,26245324,228672,46784927
beforetwin,par,1,36,20015998,26499328,221564,46736890
beforetwin,par,1,39,20021588,26795753,628383,47445724
beforetwin,par,1,40,20020454,27335158,502856,47858468
beforetwin,par,1,51,19552658,26425902,830566,46809126
beforetwin,par,1,52,20082575,26059500,745513,46887588
candidate,par,1,1,19615350,26313143,558171,46486664
candidate,par,1,2,16073899,27631284,381644,44086827
candidate,par,1,3,16434685,26382508,586925,43404118
candidate,par,1,4,16681386,27185522,408175,44275083
candidate,par,1,5,16355742,26749468,852170,43957380
candidate,par,1,6,16955491,28033973,704955,45694419
candidate,par,1,9,16454827,25969379,932924,43357130
candidate,par,1,10,16599337,26742812,765210,44107359
candidate,par,1,17,16270198,26635810,642796,43548804
candidate,par,1,18,16395262,26985954,514923,43896139
candidate,par,1,19,16772400,26660670,940294,44373364
candidate,par,1,20,16586610,26941128,830872,44358610
candidate,par,1,23,17228185,27268787,520551,45017523
candidate,par,1,24,16676977,27301873,349669,44328519
candidate,par,1,29,1248932,768807,407773,2425512
candidate,par,1,30,1181948,683617,194170,2059735
candidate,par,1,35,16463539,27329715,238585,44031839
candidate,par,1,36,16341503,27096760,210419,43648682
candidate,par,1,39,16523859,26700471,601271,43825601
candidate,par,1,40,17231490,27379300,490740,45101530
candidate,par,1,51,16629056,27285298,905281,44819635
candidate,par,1,52,16617355,26187272,744522,43549149
candidatetwin,par,1,1,19693675,26862938,560345,47116958
candidatetwin,par,1,2,16447308,26221108,358897,43027313
candidatetwin,par,1,3,16448575,26695558,594608,43738741
candidatetwin,par,1,4,16645624,26933680,410093,43989397
candidatetwin,par,1,5,16655996,27360921,886814,44903731
candidatetwin,par,1,6,16717687,27230631,703262,44651580
candidatetwin,par,1,9,16534239,27141314,901689,44577242
candidatetwin,par,1,10,16707027,26633925,797255,44138207
candidatetwin,par,1,17,16826649,26327493,632479,43786621
candidatetwin,par,1,18,16760114,26681035,528987,43970136
candidatetwin,par,1,19,16836668,26170717,909666,43917051
candidatetwin,par,1,20,16903046,27266036,761195,44930277
candidatetwin,par,1,23,16829047,26074856,517907,43421810
candidatetwin,par,1,24,16845947,27401318,367514,44614779
candidatetwin,par,1,29,1219586,753369,395537,2368492
candidatetwin,par,1,30,1177902,671279,201855,2051036
candidatetwin,par,1,35,16680640,27738360,221468,44640468
candidatetwin,par,1,36,16791815,27235453,190332,44217600
candidatetwin,par,1,39,16693724,26810430,652742,44156896
candidatetwin,par,1,40,16642437,26303501,472221,43418159
candidatetwin,par,1,51,16662300,26922791,826365,44411456
candidatetwin,par,1,52,16696936,27089530,719225,44505691
candidatetwin,seq,2,1,17056868,26462298,410954,43930120
candidatetwin,seq,2,2,13434032,26294233,278812,40007077
candidatetwin,seq,2,3,13547506,26634450,431294,40613250
candidatetwin,seq,2,4,13611915,27942032,314946,41868893
candidatetwin,seq,2,5,15637348,27218359,664609,43520316
candidatetwin,seq,2,6,14060572,27077487,566394,41704453
candidatetwin,seq,2,9,13552466,26752192,712688,41017346
candidatetwin,seq,2,10,13756784,27190723,613002,41560509
candidatetwin,seq,2,17,14219391,26517212,498032,41234635
candidatetwin,seq,2,18,13623097,26531859,392598,40547554
candidatetwin,seq,2,19,13526546,27412218,734546,41673310
candidatetwin,seq,2,20,13921150,27286065,631551,41838766
candidatetwin,seq,2,23,14044293,27477148,360708,41882149
candidatetwin,seq,2,24,13888945,26924365,262725,41076035
candidatetwin,seq,2,29,1051907,443170,275831,1770908
candidatetwin,seq,2,30,980880,357230,124224,1462334
candidatetwin,seq,2,35,14211467,27230134,156856,41598457
candidatetwin,seq,2,36,14139297,26925979,142823,41208099
candidatetwin,seq,2,39,13883428,27003355,464629,41351412
candidatetwin,seq,2,40,14056279,26895999,456412,41408690
candidatetwin,seq,2,51,13957922,27190529,656926,41805377
candidatetwin,seq,2,52,14060845,26420856,576018,41057719
candidate,seq,2,1,17255426,26550147,413702,44219275
candidate,seq,2,2,13606679,26952120,271452,40830251
candidate,seq,2,3,13612112,27005602,442484,41060198
candidate,seq,2,4,13826270,26728081,311510,40865861
candidate,seq,2,5,14026580,26862793,676701,41566074
candidate,seq,2,6,13938551,27283237,584438,41806226
candidate,seq,2,9,14044402,27077728,741678,41863808
candidate,seq,2,10,14274746,27321534,633838,42230118
candidate,seq,2,17,14044063,26834089,509961,41388113
candidate,seq,2,18,13930727,26824341,402727,41157795
candidate,seq,2,19,13822666,27024592,744884,41592142
candidate,seq,2,20,13976033,26836047,610748,41422828
candidate,seq,2,23,14338766,27008642,363889,41711297
candidate,seq,2,24,13903424,26450979,263404,40617807
candidate,seq,2,29,1061332,512750,271627,1845709
candidate,seq,2,30,1021487,349023,129612,1500122
candidate,seq,2,35,14271936,27301784,155541,41729261
candidate,seq,2,36,13901087,27071265,144791,41117143
candidate,seq,2,39,14212930,27128182,473641,41814753
candidate,seq,2,40,13977133,26858410,382950,41218493
candidate,seq,2,51,14056830,27171210,676299,41904339
candidate,seq,2,52,13722650,26573471,550880,40847001
beforetwin,seq,2,1,19341004,27021142,414499,46776645
beforetwin,seq,2,2,16689206,26486785,272626,43448617
beforetwin,seq,2,3,16799916,26439563,434067,43673546
beforetwin,seq,2,4,16645188,26657833,316471,43619492
beforetwin,seq,2,5,17022565,27117664,670650,44810879
beforetwin,seq,2,6,17347688,26536897,598439,44483024
beforetwin,seq,2,9,17237551,27874927,721787,45834265
beforetwin,seq,2,10,17320077,26574958,630310,44525345
beforetwin,seq,2,17,17142119,26919984,499744,44561847
beforetwin,seq,2,18,17004749,27012924,412404,44430077
beforetwin,seq,2,19,17191885,26781107,739519,44712511
beforetwin,seq,2,20,17377359,26705190,627303,44709852
beforetwin,seq,2,23,17538353,27214990,356881,45110224
beforetwin,seq,2,24,16769784,26877736,247550,43895070
beforetwin,seq,2,29,4023106,473800,306383,4803289
beforetwin,seq,2,30,4261594,475929,139684,4877207
beforetwin,seq,2,35,17554607,26814305,154671,44523583
beforetwin,seq,2,36,17143496,26677241,145042,43965779
beforetwin,seq,2,39,17107336,26821432,475501,44404269
beforetwin,seq,2,40,17255478,26637466,384335,44277279
beforetwin,seq,2,51,17606945,27672404,684091,45963440
beforetwin,seq,2,52,17193344,27175793,569536,44938673
before,seq,2,1,18542538,25796314,404047,44742899
before,seq,2,2,15748536,25759679,260395,41768610
before,seq,2,3,16261053,25816882,408718,42486653
before,seq,2,4,16475244,26116630,321691,42913565
before,seq,2,5,16591905,26457054,652084,43701043
before,seq,2,6,16845064,25852741,618856,43316661
before,seq,2,9,16594768,25937554,717923,43250245
before,seq,2,10,16485387,26167088,608656,43261131
before,seq,2,17,16834719,26113335,492883,43440937
before,seq,2,18,16726817,26157339,381448,43265604
before,seq,2,19,16508909,25961087,720236,43190232
before,seq,2,20,16803716,25786727,621681,43212124
before,seq,2,23,16813313,26302751,345028,43461092
before,seq,2,24,16668372,26110679,250888,43029939
before,seq,2,29,4015095,472457,248222,4735774
before,seq,2,30,4064675,458037,134139,4656851
before,seq,2,35,17261809,26145344,166554,43573707
before,seq,2,36,16891899,26256224,144350,43292473
before,seq,2,39,17035880,26412015,461153,43909048
before,seq,2,40,16661849,26796568,360343,43818760
before,seq,2,51,17146992,26896075,661447,44704514
before,seq,2,52,17283171,26764785,571288,44619244
maintwin,seq,2,1,7746178,21315251,263896,29325325
maintwin,seq,2,2,7451048,21845166,244491,29540705
maintwin,seq,2,3,7410927,21680613,284430,29375970
maintwin,seq,2,4,7516417,21830582,293422,29640421
maintwin,seq,2,5,7521414,21960771,528829,30011014
maintwin,seq,2,6,7781698,21883456,507518,30172672
maintwin,seq,2,9,7669189,21679669,528487,29877345
maintwin,seq,2,10,7437410,21565404,531101,29533915
maintwin,seq,2,17,7303369,21741714,368886,29413969
maintwin,seq,2,18,7599869,21655115,371724,29626708
maintwin,seq,2,19,7446352,21902502,546738,29895592
maintwin,seq,2,20,7682744,21740254,524218,29947216
maintwin,seq,2,23,7676184,21783058,243721,29702963
maintwin,seq,2,24,7518472,21601375,234946,29354793
maintwin,seq,2,29,795237,295480,151302,1242019
maintwin,seq,2,30,653156,204569,101648,959373
maintwin,seq,2,35,7593639,22518193,177535,30289367
maintwin,seq,2,36,7489811,21706888,135941,29332640
maintwin,seq,2,39,7379847,21880459,342882,29603188
maintwin,seq,2,40,7570112,21509876,344961,29424949
maintwin,seq,2,51,7590180,21807939,526436,29924555
maintwin,seq,2,52,7419183,22278574,492868,30190625
main,seq,2,1,7705381,21607834,253152,29566367
main,seq,2,2,7585823,21253507,229682,29069012
main,seq,2,3,7300945,21518340,292299,29111584
main,seq,2,4,7515788,21797739,296566,29610093
main,seq,2,5,7201716,21600661,500924,29303301
main,seq,2,6,7594369,21661926,499492,29755787
main,seq,2,9,7285638,21873087,528172,29686897
main,seq,2,10,7721968,21950113,551342,30223423
main,seq,2,17,7430044,21501305,374779,29306128
main,seq,2,18,7341806,21746811,375926,29464543
main,seq,2,19,7571341,21538495,596381,29706217
main,seq,2,20,7215882,21345651,495230,29056763
main,seq,2,23,7503782,21718238,247572,29469592
main,seq,2,24,7222552,21465275,231837,28919664
main,seq,2,29,774014,278933,140604,1193551
main,seq,2,30,637920,196827,104636,939383
main,seq,2,35,7336946,21737606,155196,29229748
main,seq,2,36,7358492,21780204,147464,29286160
main,seq,2,39,7508398,21803960,343681,29656039
main,seq,2,40,7430923,21728944,332165,29492032
main,seq,2,51,7313592,21455853,510587,29280032
main,seq,2,52,7308085,21976929,494197,29779211
candidatetwin,par,2,1,24191125,38651643,585820,63428588
candidatetwin,par,2,2,19190169,31584820,380785,51155774
candidatetwin,par,2,3,17870302,31879831,579576,50329709
candidatetwin,par,2,4,17150994,28566314,411075,46128383
candidatetwin,par,2,5,16977127,26884296,880286,44741709
candidatetwin,par,2,6,16516081,26866272,672011,44054364
candidatetwin,par,2,9,16630570,26794027,898204,44322801
candidatetwin,par,2,10,16380373,26678244,772781,43831398
candidatetwin,par,2,17,16781679,26634234,649529,44065442
candidatetwin,par,2,18,17130290,27324515,502696,44957501
candidatetwin,par,2,19,16487099,26419487,942775,43849361
candidatetwin,par,2,20,16386690,26702654,754279,43843623
candidatetwin,par,2,23,16364169,26718868,472190,43555227
candidatetwin,par,2,24,16928285,26728734,327688,43984707
candidatetwin,par,2,29,1228248,753976,408914,2391138
candidatetwin,par,2,30,1189094,664472,206946,2060512
candidatetwin,par,2,35,16714532,26837914,229288,43781734
candidatetwin,par,2,36,16561553,26679812,214101,43455466
candidatetwin,par,2,39,16539906,26702386,624466,43866758
candidatetwin,par,2,40,16807055,28069173,503621,45379849
candidatetwin,par,2,51,17070126,27043242,857611,44970979
candidatetwin,par,2,52,16769710,26571892,733383,44074985
candidate,par,2,1,21997279,26852602,572709,49422590
candidate,par,2,2,16375625,27224047,359096,43958768
candidate,par,2,3,16296864,26106177,534126,42937167
candidate,par,2,4,16356245,26682839,405508,43444592
candidate,par,2,5,16394382,27435115,854433,44683930
candidate,par,2,6,16486218,26789434,699901,43975553
candidate,par,2,9,16338002,26640976,888319,43867297
candidate,par,2,10,16608207,26715869,759820,44083896
candidate,par,2,17,16589225,26976215,630614,44196054
candidate,par,2,18,16564333,27171105,521470,44256908
candidate,par,2,19,16536746,26951016,915049,44402811
candidate,par,2,20,16343897,25859532,767941,42971370
candidate,par,2,23,16594491,26749286,445381,43789158
candidate,par,2,24,16533750,26687993,337709,43559452
candidate,par,2,29,1211207,739252,355249,2305708
candidate,par,2,30,1212511,716569,178828,2107908
candidate,par,2,35,16748267,27022279,213682,43984228
candidate,par,2,36,16585036,26357159,222475,43164670
candidate,par,2,39,16617803,26323673,656805,43598281
candidate,par,2,40,16491422,27108211,458457,44058090
candidate,par,2,51,16408741,27171074,832461,44412276
candidate,par,2,52,16384966,27825665,696962,44907593
beforetwin,par,2,1,21254700,26376108,559986,48190794
beforetwin,par,2,2,19062311,26610823,357651,46030785
beforetwin,par,2,3,19462030,26779966,574746,46816742
beforetwin,par,2,4,19598404,26250411,403371,46252186
beforetwin,par,2,5,19643198,26618927,889840,47151965
beforetwin,par,2,6,19511011,26269798,701464,46482273
beforetwin,par,2,9,19919204,25938421,942686,46800311
beforetwin,par,2,10,19469580,26229715,788688,46487983
beforetwin,par,2,17,19549041,26988458,640594,47178093
beforetwin,par,2,18,19880841,26412599,518050,46811490
beforetwin,par,2,19,20048819,26501654,936942,47487415
beforetwin,par,2,20,19552038,25770596,756313,46078947
beforetwin,par,2,23,19590757,26234310,465283,46290350
beforetwin,par,2,24,19518398,26247449,382638,46148485
beforetwin,par,2,29,4339185,799906,348382,5487473
beforetwin,par,2,30,4665976,814155,196454,5676585
beforetwin,par,2,35,20249159,26905423,212619,47367201
beforetwin,par,2,36,19751414,25946102,202805,45900321
beforetwin,par,2,39,19300250,25634463,589706,45524419
beforetwin,par,2,40,19577220,25728694,459785,45765699
beforetwin,par,2,51,19323031,25538930,791886,45653847
beforetwin,par,2,52,19109969,24972240,691499,44773708
before,par,2,1,21001164,25541721,555950,47098835
before,par,2,2,18652236,25770188,343195,44765619
before,par,2,3,18657047,26128380,545729,45331156
before,par,2,4,19178916,26501437,407348,46087701
before,par,2,5,19370328,26678636,858828,46907792
before,par,2,6,19551984,27195648,688585,47436217
before,par,2,9,19688962,27072579,923864,47685405
before,par,2,10,19297921,26597094,768839,46663854
before,par,2,17,19974016,26027158,662666,46663840
before,par,2,18,20119125,26574084,506692,47199901
before,par,2,19,20067225,26943322,940484,47951031
before,par,2,20,19657328,26302082,787832,46747242
before,par,2,23,20035207,26569577,469623,47074407
before,par,2,24,20139320,26460338,358020,46957678
before,par,2,29,4503604,1000183,403639,5907426
before,par,2,30,4875772,808810,240642,5925224
before,par,2,35,20455546,26709987,221605,47387138
before,par,2,36,19848678,26596131,234677,46679486
before,par,2,39,19460482,26705335,638704,46804521
before,par,2,40,19895994,26847589,491397,47234980
before,par,2,51,19792248,26828919,859881,47481048
before,par,2,52,20044076,27259576,719921,48023573
maintwin,par,2,1,10006696,21308137,382721,31697554
maintwin,par,2,2,9912349,21056258,301065,31269672
maintwin,par,2,3,9911440,20924415,401482,31237337
maintwin,par,2,4,9785328,20773746,353461,30912535
maintwin,par,2,5,10172782,20712992,639429,31525203
maintwin,par,2,6,9754464,20747320,618443,31120227
maintwin,par,2,9,9674938,21099233,618275,31392446
maintwin,par,2,10,9705662,21386691,652358,31744711
maintwin,par,2,17,9979563,21362707,476032,31818302
maintwin,par,2,18,9896428,20904237,451320,31251985
maintwin,par,2,19,9810099,21076934,667673,31554706
maintwin,par,2,20,9635046,21398250,638319,31671615
maintwin,par,2,23,9899372,20668686,313681,30881739
maintwin,par,2,24,10007857,21413839,285743,31707439
maintwin,par,2,29,938017,350743,221494,1510254
maintwin,par,2,30,814003,298432,146853,1259288
maintwin,par,2,35,9736122,21394697,204155,31334974
maintwin,par,2,36,10058239,21521609,204836,31784684
maintwin,par,2,39,9826548,21023781,443431,31293760
maintwin,par,2,40,9894658,21010925,405540,31311123
maintwin,par,2,51,9765540,21263139,632497,31661176
maintwin,par,2,52,9846938,21010947,616699,31474584
main,par,2,1,10096291,20904654,359692,31360637
main,par,2,2,9607565,21296079,299210,31202854
main,par,2,3,9733009,21009647,388031,31130687
main,par,2,4,9871512,21133263,370540,31375315
main,par,2,5,9718617,20917873,625494,31261984
main,par,2,6,9980297,21566148,604117,32150562
main,par,2,9,9788246,21297996,643968,31730210
main,par,2,10,9742343,20476638,660680,30879661
main,par,2,17,9909635,21076892,454045,31440572
main,par,2,18,10281499,21692561,457143,32431203
main,par,2,19,9955122,21135110,654513,31744745
main,par,2,20,9768804,21399927,647950,31816681
main,par,2,23,9966789,20883191,336836,31186816
main,par,2,24,10063137,20957882,305208,31326227
main,par,2,29,942925,338129,204638,1485692
main,par,2,30,800215,312887,153046,1266148
main,par,2,35,9990135,21501584,212621,31704340
main,par,2,36,10053733,21015095,200607,31269435
main,par,2,39,9874987,21304396,450638,31630021
main,par,2,40,9893890,21591799,411708,31897397
main,par,2,51,9794386,21073178,625056,31492620
main,par,2,52,9942093,21693887,619033,32255013
main,seq,3,1,7981861,21897757,263116,30142734
main,seq,3,2,7719755,23914746,245749,31880250
main,seq,3,3,7966224,22694670,287038,30947932
main,seq,3,4,7807903,21985140,285576,30078619
main,seq,3,5,7526890,22096022,517941,30140853
main,seq,3,6,7883953,21880092,503779,30267824
main,seq,3,9,7366726,22305745,545523,30217994
main,seq,3,10,7865656,21828574,569669,30263899
main,seq,3,17,7743661,22476837,377336,30597834
main,seq,3,18,7902003,22126874,362785,30391662
main,seq,3,19,7736119,22562661,581286,30880066
main,seq,3,20,7620534,21996740,538614,30155888
main,seq,3,23,7599799,21875087,245417,29720303
main,seq,3,24,7621201,21740220,235753,29597174
main,seq,3,29,803827,307071,154115,1265013
main,seq,3,30,683214,209236,115516,1007966
main,seq,3,35,7733098,21747555,158158,29638811
main,seq,3,36,7672609,22208865,149274,30030748
main,seq,3,39,7754667,22336725,359992,30451384
main,seq,3,40,7741490,21860064,346120,29947674
main,seq,3,51,7444704,22111897,529825,30086426
main,seq,3,52,7719012,21841382,515704,30076098
maintwin,seq,3,1,7805628,21525273,255896,29586797
maintwin,seq,3,2,7579173,21679549,237326,29496048
maintwin,seq,3,3,7225744,21603863,300773,29130380
maintwin,seq,3,4,7508033,21737224,291351,29536608
maintwin,seq,3,5,7531901,21864238,522056,29918195
maintwin,seq,3,6,7822191,21961952,506225,30290368
maintwin,seq,3,9,7647776,22071571,534822,30254169
maintwin,seq,3,10,7635725,21703837,555508,29895070
maintwin,seq,3,17,7560366,21598280,385687,29544333
maintwin,seq,3,18,7523358,21665948,361391,29550697
maintwin,seq,3,19,7316265,21825783,539313,29681361
maintwin,seq,3,20,7362155,21458381,516839,29337375
maintwin,seq,3,23,7345720,21316517,246651,28908888
maintwin,seq,3,24,7356927,21709502,254722,29321151
maintwin,seq,3,29,790331,281457,152957,1224745
maintwin,seq,3,30,648165,195637,102386,946188
maintwin,seq,3,35,7105402,21270245,160810,28536457
maintwin,seq,3,36,7070226,21068434,132696,28271356
maintwin,seq,3,39,7109185,21246360,328666,28684211
maintwin,seq,3,40,7159973,21458444,335118,28953535
maintwin,seq,3,51,7521431,22014736,500387,30036554
maintwin,seq,3,52,7443686,21728289,485541,29657516
before,seq,3,1,18874806,26512263,400176,45787245
before,seq,3,2,16409802,26261548,285581,42956931
before,seq,3,3,16528959,26066247,431996,43027202
before,seq,3,4,16510146,26174355,312181,42996682
before,seq,3,5,16481290,25946388,657135,43084813
before,seq,3,6,16550510,26424346,544762,43519618
before,seq,3,9,16549157,26649763,731821,43930741
before,seq,3,10,17323534,26664267,634067,44621868
before,seq,3,17,17110474,27393508,511969,45015951
before,seq,3,18,16831838,26650472,418210,43900520
before,seq,3,19,17334387,26977298,746738,45058423
before,seq,3,20,17199652,27112005,633729,44945386
before,seq,3,23,17431776,26951381,376296,44759453
before,seq,3,24,17192735,26683553,270259,44146547
before,seq,3,29,4087023,480464,260138,4827625
before,seq,3,30,4129532,470774,138942,4739248
before,seq,3,35,17614150,26866302,169458,44649910
before,seq,3,36,17277562,26784621,149799,44211982
before,seq,3,39,17370959,26688288,508219,44567466
before,seq,3,40,17264417,26751314,378905,44394636
before,seq,3,51,16983450,26935064,657252,44575766
before,seq,3,52,17083104,26602970,580004,44266078
beforetwin,seq,3,1,19071071,27100552,411612,46583235
beforetwin,seq,3,2,16788847,27612822,295229,44696898
beforetwin,seq,3,3,17071013,26751052,417316,44239381
beforetwin,seq,3,4,17296534,27207000,336898,44840432
beforetwin,seq,3,5,17190210,27040249,707454,44937913
beforetwin,seq,3,6,17408190,26770628,573341,44752159
beforetwin,seq,3,9,17446888,27310761,745045,45502694
beforetwin,seq,3,10,17289588,27089459,635075,45014122
beforetwin,seq,3,17,17667683,29579127,537782,47784592
beforetwin,seq,3,18,17460188,27214214,401001,45075403
beforetwin,seq,3,19,17629511,27712783,765551,46107845
beforetwin,seq,3,20,17519389,27335774,636599,45491762
beforetwin,seq,3,23,17092546,28504872,356121,45953539
beforetwin,seq,3,24,17116692,27296996,250103,44663791
beforetwin,seq,3,29,4021633,487082,266747,4775462
beforetwin,seq,3,30,4209056,494420,142929,4846405
beforetwin,seq,3,35,17668939,27444269,165577,45278785
beforetwin,seq,3,36,17390022,27173000,147677,44710699
beforetwin,seq,3,39,17100594,27064943,470294,44635831
beforetwin,seq,3,40,17415904,27159054,376631,44951589
beforetwin,seq,3,51,17179978,27232628,683837,45096443
beforetwin,seq,3,52,17429617,27032935,568891,45031443
candidate,seq,3,1,17237519,26413271,414142,44064932
candidate,seq,3,2,13781212,27179193,276620,41237025
candidate,seq,3,3,13750258,26822608,425493,40998359
candidate,seq,3,4,13774648,27232841,332418,41339907
candidate,seq,3,5,13790662,26738226,659798,41188686
candidate,seq,3,6,13747530,26398538,557741,40703809
candidate,seq,3,9,13829452,27471306,731776,42032534
candidate,seq,3,10,13656559,26527376,623022,40806957
candidate,seq,3,17,13623090,26434408,485871,40543369
candidate,seq,3,18,13452858,26297584,405971,40156413
candidate,seq,3,19,13877768,26717392,743985,41339145
candidate,seq,3,20,13915221,26892847,605656,41413724
candidate,seq,3,23,14013878,27091756,357491,41463125
candidate,seq,3,24,13673913,26687174,259255,40620342
candidate,seq,3,29,1045542,434029,258933,1738504
candidate,seq,3,30,1001430,351762,127452,1480644
candidate,seq,3,35,14073453,26944299,147523,41165275
candidate,seq,3,36,13999538,26672489,141207,40813234
candidate,seq,3,39,13713050,26463174,459587,40635811
candidate,seq,3,40,13598624,27042421,377556,41018601
candidate,seq,3,51,13661509,27073536,655492,41390537
candidate,seq,3,52,13511639,26531428,558502,40601569
candidatetwin,seq,3,1,17116863,26458518,412610,43987991
candidatetwin,seq,3,2,13621840,26657248,267439,40546527
candidatetwin,seq,3,3,13635585,27196281,417399,41249265
candidatetwin,seq,3,4,13839286,26652091,314036,40805413
candidatetwin,seq,3,5,13892770,26841321,630226,41364317
candidatetwin,seq,3,6,13646269,26553130,548166,40747565
candidatetwin,seq,3,9,13624853,26668889,699902,40993644
candidatetwin,seq,3,10,13487891,26599110,612608,40699609
candidatetwin,seq,3,17,13773068,26878811,499592,41151471
candidatetwin,seq,3,18,13655251,26667315,386122,40708688
candidatetwin,seq,3,19,13759531,26928721,740622,41428874
candidatetwin,seq,3,20,13807869,26938084,626630,41372583
candidatetwin,seq,3,23,13736687,27685293,363364,41785344
candidatetwin,seq,3,24,14844183,27089737,265356,42199276
candidatetwin,seq,3,29,1007971,442790,283469,1734230
candidatetwin,seq,3,30,993382,350170,122634,1466186
candidatetwin,seq,3,35,13943597,26981073,149632,41074302
candidatetwin,seq,3,36,14074602,26947454,146498,41168554
candidatetwin,seq,3,39,13860514,27090597,476469,41427580
candidatetwin,seq,3,40,14007638,26617246,381617,41006501
candidatetwin,seq,3,51,13946715,27289138,646003,41881856
candidatetwin,seq,3,52,13977538,26360036,560716,40898290
main,par,3,1,9700961,20614535,351881,30667377
main,par,3,2,10146073,20936869,298195,31381137
main,par,3,3,9725454,21081292,387562,31194308
main,par,3,4,9863152,20907334,357825,31128311
main,par,3,5,10030730,21301308,622172,31954210
main,par,3,6,9827642,20945283,591377,31364302
main,par,3,9,9849089,20440163,628653,30917905
main,par,3,10,9825319,20344692,666280,30836291
main,par,3,17,9954168,21491190,588191,32033549
main,par,3,18,9853942,22290536,434316,32578794
main,par,3,19,9872159,21407948,681465,31961572
main,par,3,20,10123539,21373243,667612,32164394
main,par,3,23,9952073,20799817,301538,31053428
main,par,3,24,10038704,20490302,302312,30831318
main,par,3,29,918036,342082,210585,1470703
main,par,3,30,785127,295087,134869,1215083
main,par,3,35,10515272,21364712,200167,32080151
main,par,3,36,10048356,20995370,196086,31239812
main,par,3,39,9847888,20886506,424632,31159026
main,par,3,40,10101399,21300228,409604,31811231
main,par,3,51,9636325,20965234,632016,31233575
main,par,3,52,9714282,21295482,607113,31616877
maintwin,par,3,1,9991735,20972844,360306,31324885
maintwin,par,3,2,10048599,20982272,304449,31335320
maintwin,par,3,3,9515750,20844658,385393,30745801
maintwin,par,3,4,9963031,20636243,357627,30956901
maintwin,par,3,5,9575696,21746374,652612,31974682
maintwin,par,3,6,10095501,21213953,657497,31966951
maintwin,par,3,9,9627484,21500808,631099,31759391
maintwin,par,3,10,10000749,21132643,661150,31794542
maintwin,par,3,17,9844956,20826344,476141,31147441
maintwin,par,3,18,9751587,20674357,436422,30862366
maintwin,par,3,19,9570480,21479914,652725,31703119
maintwin,par,3,20,9908108,21299610,643425,31851143
maintwin,par,3,23,9980579,20846261,334568,31161408
maintwin,par,3,24,9745617,21193460,298642,31237719
maintwin,par,3,29,952622,344499,201884,1499005
maintwin,par,3,30,764301,302990,161610,1228901
maintwin,par,3,35,9745196,20879708,198337,30823241
maintwin,par,3,36,9730165,21239474,194711,31164350
maintwin,par,3,39,9717025,20026892,451744,30195661
maintwin,par,3,40,9659862,20599888,395758,30655508
maintwin,par,3,51,9477474,20253311,600618,30331403
maintwin,par,3,52,9335921,20361340,583869,30281130
before,par,3,1,21088545,25910969,562041,47561555
before,par,3,2,18956607,25834906,369710,45161223
before,par,3,3,19400503,26496675,574235,46471413
before,par,3,4,19863347,27623658,424880,47911885
before,par,3,5,19831821,26225680,859595,46917096
before,par,3,6,19767285,26654733,682812,47104830
before,par,3,9,19763094,26942908,911211,47617213
before,par,3,10,19474834,26650551,778645,46904030
before,par,3,17,19628014,26447388,640347,46715749
before,par,3,18,19752881,26669862,492463,46915206
before,par,3,19,19801922,25609913,930777,46342612
before,par,3,20,19657475,26884115,765162,47306752
before,par,3,23,19913988,26662903,494651,47071542
before,par,3,24,19913226,26657890,344394,46915510
before,par,3,29,4518288,802907,362850,5684045
before,par,3,30,4845474,831895,231870,5909239
before,par,3,35,20209735,26498855,270096,46978686
before,par,3,36,21025091,26182721,229745,47437557
before,par,3,39,19734838,26366869,674449,46776156
before,par,3,40,19856258,26767773,481862,47105893
before,par,3,51,20244325,27234015,829844,48308184
before,par,3,52,19907823,26693881,714815,47316519
beforetwin,par,3,1,21237174,27349552,568541,49155267
beforetwin,par,3,2,19576017,27254615,373529,47204161
beforetwin,par,3,3,19689455,27210867,583884,47484206
beforetwin,par,3,4,19977495,27203072,432341,47612908
beforetwin,par,3,5,19956916,26561662,897776,47416354
beforetwin,par,3,6,19928355,27158470,719735,47806560
beforetwin,par,3,9,20005741,27148405,947547,48101693
beforetwin,par,3,10,20204452,27142705,774725,48121882
beforetwin,par,3,17,20322735,27003183,707981,48033899
beforetwin,par,3,18,20431411,27489966,522877,48444254
beforetwin,par,3,19,20188977,27352628,961707,48503312
beforetwin,par,3,20,20356874,26823983,823481,48004338
beforetwin,par,3,23,20223096,26854827,548344,47626267
beforetwin,par,3,24,19993545,27595713,346244,47935502
beforetwin,par,3,29,4320456,809018,366347,5495821
beforetwin,par,3,30,4719726,812386,205813,5737925
beforetwin,par,3,35,20401041,27443596,242438,48087075
beforetwin,par,3,36,20313324,27715253,202628,48231205
beforetwin,par,3,39,19959255,26236909,639032,46835196
beforetwin,par,3,40,20141843,26090471,481814,46714128
beforetwin,par,3,51,19727950,26852504,859762,47440216
beforetwin,par,3,52,19854367,26671173,780051,47305591
candidate,par,3,1,19300163,26618827,548824,46467814
candidate,par,3,2,16269493,27321288,347017,43937798
candidate,par,3,3,16133032,26886154,577814,43597000
candidate,par,3,4,15941474,27191061,426364,43558899
candidate,par,3,5,16369617,27465072,866194,44700883
candidate,par,3,6,16270212,25784446,681813,42736471
candidate,par,3,9,16269574,26237949,936767,43444290
candidate,par,3,10,16250725,28990342,781298,46022365
candidate,par,3,17,16106349,26245044,669107,43020500
candidate,par,3,18,16341481,26246830,506536,43094847
candidate,par,3,19,16246898,26732380,932195,43911473
candidate,par,3,20,16418036,27138284,783994,44340314
candidate,par,3,23,16499319,27016537,517175,44033031
candidate,par,3,24,16353440,27597912,348847,44300199
candidate,par,3,29,1200283,741828,361550,2303661
candidate,par,3,30,1202792,654237,196599,2053628
candidate,par,3,35,16176998,26891473,196939,43265410
candidate,par,3,36,16066122,27794379,215595,44076096
candidate,par,3,39,16326956,26247456,627054,43201466
candidate,par,3,40,16422256,26673971,464068,43560295
candidate,par,3,51,16085369,26090707,794586,42970662
candidate,par,3,52,16504436,26521633,705015,43731084
candidatetwin,par,3,1,19688642,26069659,566372,46324673
candidatetwin,par,3,2,16230496,26869466,349052,43449014
candidatetwin,par,3,3,16354100,25973546,559521,42887167
candidatetwin,par,3,4,16267199,25938350,397253,42602802
candidatetwin,par,3,5,16828690,26566515,867569,44262774
candidatetwin,par,3,6,16132033,26905641,694358,43732032
candidatetwin,par,3,9,16108948,28572313,907628,45588889
candidatetwin,par,3,10,16543215,26206215,795122,43544552
candidatetwin,par,3,17,16495307,26039833,638755,43173895
candidatetwin,par,3,18,16528848,26246493,497603,43272944
candidatetwin,par,3,19,16058108,25878000,894800,42830908
candidatetwin,par,3,20,15924144,26229735,743573,42897452
candidatetwin,par,3,23,16432481,26225386,490150,43148017
candidatetwin,par,3,24,16724211,26712545,341721,43778477
candidatetwin,par,3,29,1203164,774971,336677,2314812
candidatetwin,par,3,30,1174906,651326,198262,2024494
candidatetwin,par,3,35,16542513,25785812,211412,42539737
candidatetwin,par,3,36,16536544,26061032,198767,42796343
candidatetwin,par,3,39,16470818,25925795,635078,43031691
candidatetwin,par,3,40,16657502,25855561,488449,43001512
candidatetwin,par,3,51,16489825,26852384,835960,44178169
candidatetwin,par,3,52,16662747,26675227,675834,44013808
