cohort,page,kind,mode,round,scope,edits,median_us
main,ecma262,word,seq,1,all-edits,20,56.0
maintwin,ecma262,word,seq,1,all-edits,20,61.5
before,ecma262,word,seq,1,all-edits,20,59.5
beforetwin,ecma262,word,seq,1,all-edits,20,64.0
candidate,ecma262,word,seq,1,all-edits,20,60.0
candidatetwin,ecma262,word,seq,1,all-edits,20,57.0
main,ecma262,word,par,1,all-edits,20,79.5
maintwin,ecma262,word,par,1,all-edits,20,78.5
before,ecma262,word,par,1,all-edits,20,81.5
beforetwin,ecma262,word,par,1,all-edits,20,83.0
candidate,ecma262,word,par,1,all-edits,20,93.0
candidatetwin,ecma262,word,par,1,all-edits,20,89.5
main,ecma262,sentence,seq,1,all-edits,20,132.5
maintwin,ecma262,sentence,seq,1,all-edits,20,144.5
before,ecma262,sentence,seq,1,all-edits,20,81.0
beforetwin,ecma262,sentence,seq,1,all-edits,20,83.0
candidate,ecma262,sentence,seq,1,all-edits,20,81.5
candidatetwin,ecma262,sentence,seq,1,all-edits,20,84.5
main,ecma262,sentence,par,1,all-edits,20,217.0
maintwin,ecma262,sentence,par,1,all-edits,20,189.0
before,ecma262,sentence,par,1,all-edits,20,116.0
beforetwin,ecma262,sentence,par,1,all-edits,20,117.0
candidate,ecma262,sentence,par,1,all-edits,20,117.5
candidatetwin,ecma262,sentence,par,1,all-edits,20,117.0
main,ecma262,colour,seq,1,all-edits,20,13.0
maintwin,ecma262,colour,seq,1,all-edits,20,12.5
before,ecma262,colour,seq,1,all-edits,20,12.0
beforetwin,ecma262,colour,seq,1,all-edits,20,12.0
candidate,ecma262,colour,seq,1,all-edits,20,12.5
candidatetwin,ecma262,colour,seq,1,all-edits,20,12.5
main,ecma262,colour,par,1,all-edits,20,14.0
maintwin,ecma262,colour,par,1,all-edits,20,13.0
before,ecma262,colour,par,1,all-edits,20,17.5
beforetwin,ecma262,colour,par,1,all-edits,20,14.0
candidate,ecma262,colour,par,1,all-edits,20,15.0
candidatetwin,ecma262,colour,par,1,all-edits,20,14.0
main,ecma262,fontsize,seq,1,all-edits,20,1501.0
maintwin,ecma262,fontsize,seq,1,all-edits,20,1517.5
before,ecma262,fontsize,seq,1,all-edits,20,818.5
beforetwin,ecma262,fontsize,seq,1,all-edits,20,804.0
candidate,ecma262,fontsize,seq,1,all-edits,20,735.5
candidatetwin,ecma262,fontsize,seq,1,all-edits,20,799.5
main,ecma262,fontsize,par,1,all-edits,20,1687.0
maintwin,ecma262,fontsize,par,1,all-edits,20,1695.0
before,ecma262,fontsize,par,1,all-edits,20,1074.0
beforetwin,ecma262,fontsize,par,1,all-edits,20,1121.0
candidate,ecma262,fontsize,par,1,all-edits,20,1042.5
candidatetwin,ecma262,fontsize,par,1,all-edits,20,1111.0
main,ecma262,rootfont,seq,1,all-edits,20,25599.0
maintwin,ecma262,rootfont,seq,1,all-edits,20,25094.5
before,ecma262,rootfont,seq,1,all-edits,20,2973.5
beforetwin,ecma262,rootfont,seq,1,all-edits,20,3002.0
candidate,ecma262,rootfont,seq,1,all-edits,20,2834.5
candidatetwin,ecma262,rootfont,seq,1,all-edits,20,3055.5
main,ecma262,rootfont,par,1,all-edits,20,40501.0
maintwin,ecma262,rootfont,par,1,all-edits,20,39839.5
before,ecma262,rootfont,par,1,all-edits,20,3671.0
beforetwin,ecma262,rootfont,par,1,all-edits,20,3663.5
candidate,ecma262,rootfont,par,1,all-edits,20,3435.0
candidatetwin,ecma262,rootfont,par,1,all-edits,20,3584.0
main,ecma262,block,seq,1,all-edits,20,375191.0
maintwin,ecma262,block,seq,1,all-edits,20,373701.5
before,ecma262,block,seq,1,all-edits,20,91.5
beforetwin,ecma262,block,seq,1,all-edits,20,93.0
candidate,ecma262,block,seq,1,all-edits,20,90.5
candidatetwin,ecma262,block,seq,1,all-edits,20,94.5
main,ecma262,block,par,1,all-edits,20,346809.0
maintwin,ecma262,block,par,1,all-edits,20,348883.5
before,ecma262,block,par,1,all-edits,20,126.5
beforetwin,ecma262,block,par,1,all-edits,20,136.0
candidate,ecma262,block,par,1,all-edits,20,133.0
candidatetwin,ecma262,block,par,1,all-edits,20,126.0
main,html5,word,seq,1,all-edits,60,40.0
maintwin,html5,word,seq,1,all-edits,60,41.0
before,html5,word,seq,1,all-edits,60,45.0
beforetwin,html5,word,seq,1,all-edits,60,46.5
candidate,html5,word,seq,1,all-edits,60,45.5
candidatetwin,html5,word,seq,1,all-edits,60,46.5
main,html5,word,par,1,all-edits,60,60.5
maintwin,html5,word,par,1,all-edits,60,59.5
before,html5,word,par,1,all-edits,60,62.0
beforetwin,html5,word,par,1,all-edits,60,65.0
candidate,html5,word,par,1,all-edits,60,65.5
candidatetwin,html5,word,par,1,all-edits,60,66.5
main,html5,sentence,seq,1,all-edits,60,112.0
maintwin,html5,sentence,seq,1,all-edits,60,116.0
before,html5,sentence,seq,1,all-edits,60,155.5
beforetwin,html5,sentence,seq,1,all-edits,60,152.0
candidate,html5,sentence,seq,1,all-edits,60,155.0
candidatetwin,html5,sentence,seq,1,all-edits,60,159.0
main,html5,sentence,par,1,all-edits,60,156.0
maintwin,html5,sentence,par,1,all-edits,60,157.0
before,html5,sentence,par,1,all-edits,60,167.5
beforetwin,html5,sentence,par,1,all-edits,60,168.5
candidate,html5,sentence,par,1,all-edits,60,173.0
candidatetwin,html5,sentence,par,1,all-edits,60,166.0
main,html5,colour,seq,1,all-edits,60,9.5
maintwin,html5,colour,seq,1,all-edits,60,9.0
before,html5,colour,seq,1,all-edits,60,9.5
beforetwin,html5,colour,seq,1,all-edits,60,9.0
candidate,html5,colour,seq,1,all-edits,60,9.5
candidatetwin,html5,colour,seq,1,all-edits,60,9.0
main,html5,colour,par,1,all-edits,60,14.0
maintwin,html5,colour,par,1,all-edits,60,14.0
before,html5,colour,par,1,all-edits,60,14.5
beforetwin,html5,colour,par,1,all-edits,60,15.0
candidate,html5,colour,par,1,all-edits,60,16.0
candidatetwin,html5,colour,par,1,all-edits,60,16.0
main,html5,fontsize,seq,1,all-edits,60,480.5
maintwin,html5,fontsize,seq,1,all-edits,60,424.5
before,html5,fontsize,seq,1,all-edits,60,676.0
beforetwin,html5,fontsize,seq,1,all-edits,60,652.0
candidate,html5,fontsize,seq,1,all-edits,60,696.5
candidatetwin,html5,fontsize,seq,1,all-edits,60,615.0
main,html5,fontsize,par,1,all-edits,60,455.0
maintwin,html5,fontsize,par,1,all-edits,60,474.5
before,html5,fontsize,par,1,all-edits,60,818.5
beforetwin,html5,fontsize,par,1,all-edits,60,821.0
candidate,html5,fontsize,par,1,all-edits,60,849.5
candidatetwin,html5,fontsize,par,1,all-edits,60,821.5
main,html5,rootfont,seq,1,all-edits,60,613552.5
maintwin,html5,rootfont,seq,1,all-edits,60,599656.5
before,html5,rootfont,seq,1,all-edits,60,770369.5
beforetwin,html5,rootfont,seq,1,all-edits,60,764482.5
candidate,html5,rootfont,seq,1,all-edits,60,801499.0
candidatetwin,html5,rootfont,seq,1,all-edits,60,777337.0
main,html5,rootfont,par,1,all-edits,60,360047.5
maintwin,html5,rootfont,par,1,all-edits,60,361926.5
before,html5,rootfont,par,1,all-edits,60,488447.5
beforetwin,html5,rootfont,par,1,all-edits,60,488517.5
candidate,html5,rootfont,par,1,all-edits,60,487512.5
candidatetwin,html5,rootfont,par,1,all-edits,60,484360.0
main,html5,block,seq,1,all-edits,60,382135.0
maintwin,html5,block,seq,1,all-edits,60,382996.0
before,html5,block,seq,1,all-edits,60,256.5
beforetwin,html5,block,seq,1,all-edits,60,257.0
candidate,html5,block,seq,1,all-edits,60,251.0
candidatetwin,html5,block,seq,1,all-edits,60,254.5
main,html5,block,par,1,all-edits,60,339269.0
maintwin,html5,block,par,1,all-edits,60,343690.5
before,html5,block,par,1,all-edits,60,254.5
beforetwin,html5,block,par,1,all-edits,60,264.5
candidate,html5,block,par,1,all-edits,60,261.5
candidatetwin,html5,block,par,1,all-edits,60,269.5
main,apollo11,word,seq,1,all-edits,60,119.0
maintwin,apollo11,word,seq,1,all-edits,60,115.5
before,apollo11,word,seq,1,all-edits,60,129.0
beforetwin,apollo11,word,seq,1,all-edits,60,128.5
candidate,apollo11,word,seq,1,all-edits,60,129.0
candidatetwin,apollo11,word,seq,1,all-edits,60,126.0
main,apollo11,word,par,1,all-edits,60,170.0
maintwin,apollo11,word,par,1,all-edits,60,172.5
before,apollo11,word,par,1,all-edits,60,200.0
beforetwin,apollo11,word,par,1,all-edits,60,203.5
candidate,apollo11,word,par,1,all-edits,60,205.5
candidatetwin,apollo11,word,par,1,all-edits,60,205.5
main,apollo11,sentence,seq,1,all-edits,60,138.5
maintwin,apollo11,sentence,seq,1,all-edits,60,136.5
before,apollo11,sentence,seq,1,all-edits,60,168.5
beforetwin,apollo11,sentence,seq,1,all-edits,60,172.5
candidate,apollo11,sentence,seq,1,all-edits,60,172.0
candidatetwin,apollo11,sentence,seq,1,all-edits,60,170.5
main,apollo11,sentence,par,1,all-edits,60,206.0
maintwin,apollo11,sentence,par,1,all-edits,60,210.5
before,apollo11,sentence,par,1,all-edits,60,298.0
beforetwin,apollo11,sentence,par,1,all-edits,60,299.5
candidate,apollo11,sentence,par,1,all-edits,60,270.0
candidatetwin,apollo11,sentence,par,1,all-edits,60,297.0
main,apollo11,colour,seq,1,all-edits,60,15.0
maintwin,apollo11,colour,seq,1,all-edits,60,15.0
before,apollo11,colour,seq,1,all-edits,60,15.0
beforetwin,apollo11,colour,seq,1,all-edits,60,18.0
candidate,apollo11,colour,seq,1,all-edits,60,15.0
candidatetwin,apollo11,colour,seq,1,all-edits,60,15.0
main,apollo11,colour,par,1,all-edits,60,20.0
maintwin,apollo11,colour,par,1,all-edits,60,19.5
before,apollo11,colour,par,1,all-edits,60,28.0
beforetwin,apollo11,colour,par,1,all-edits,60,26.0
candidate,apollo11,colour,par,1,all-edits,60,23.0
candidatetwin,apollo11,colour,par,1,all-edits,60,31.5
main,apollo11,fontsize,seq,1,all-edits,60,165.0
maintwin,apollo11,fontsize,seq,1,all-edits,60,164.5
before,apollo11,fontsize,seq,1,all-edits,60,192.5
beforetwin,apollo11,fontsize,seq,1,all-edits,60,199.0
candidate,apollo11,fontsize,seq,1,all-edits,60,188.5
candidatetwin,apollo11,fontsize,seq,1,all-edits,60,190.0
main,apollo11,fontsize,par,1,all-edits,60,302.0
maintwin,apollo11,fontsize,par,1,all-edits,60,316.5
before,apollo11,fontsize,par,1,all-edits,60,326.5
beforetwin,apollo11,fontsize,par,1,all-edits,60,318.5
candidate,apollo11,fontsize,par,1,all-edits,60,330.5
candidatetwin,apollo11,fontsize,par,1,all-edits,60,338.0
main,apollo11,rootfont,seq,1,all-edits,60,50587.0
maintwin,apollo11,rootfont,seq,1,all-edits,60,50304.0
before,apollo11,rootfont,seq,1,all-edits,60,56985.0
beforetwin,apollo11,rootfont,seq,1,all-edits,60,57125.0
candidate,apollo11,rootfont,seq,1,all-edits,60,56925.5
candidatetwin,apollo11,rootfont,seq,1,all-edits,60,55979.5
main,apollo11,rootfont,par,1,all-edits,60,42114.0
maintwin,apollo11,rootfont,par,1,all-edits,60,42375.5
before,apollo11,rootfont,par,1,all-edits,60,41332.5
beforetwin,apollo11,rootfont,par,1,all-edits,60,42238.5
candidate,apollo11,rootfont,par,1,all-edits,60,41588.0
candidatetwin,apollo11,rootfont,par,1,all-edits,60,41629.0
main,apollo11,block,seq,1,all-edits,60,15327.0
main,apollo11,block,seq,1,fallbacks,22,15471.0
maintwin,apollo11,block,seq,1,all-edits,60,15461.5
maintwin,apollo11,block,seq,1,fallbacks,22,15526.0
before,apollo11,block,seq,1,all-edits,60,3482.5
before,apollo11,block,seq,1,fallbacks,22,22544.0
beforetwin,apollo11,block,seq,1,all-edits,60,3377.5
beforetwin,apollo11,block,seq,1,fallbacks,22,22591.0
candidate,apollo11,block,seq,1,all-edits,60,3435.5
candidate,apollo11,block,seq,1,fallbacks,22,20429.5
candidatetwin,apollo11,block,seq,1,all-edits,60,3378.0
candidatetwin,apollo11,block,seq,1,fallbacks,22,20124.0
main,apollo11,block,par,1,all-edits,60,14684.0
main,apollo11,block,par,1,fallbacks,22,14701.5
maintwin,apollo11,block,par,1,all-edits,60,14772.5
maintwin,apollo11,block,par,1,fallbacks,22,14929.5
before,apollo11,block,par,1,all-edits,60,3555.5
before,apollo11,block,par,1,fallbacks,22,22953.5
beforetwin,apollo11,block,par,1,all-edits,60,3552.0
beforetwin,apollo11,block,par,1,fallbacks,22,22562.0
candidate,apollo11,block,par,1,all-edits,60,3590.5
candidate,apollo11,block,par,1,fallbacks,22,21849.5
candidatetwin,apollo11,block,par,1,all-edits,60,3543.5
candidatetwin,apollo11,block,par,1,fallbacks,22,20480.0
candidatetwin,ecma262,word,seq,2,all-edits,20,63.0
candidate,ecma262,word,seq,2,all-edits,20,59.5
beforetwin,ecma262,word,seq,2,all-edits,20,66.0
before,ecma262,word,seq,2,all-edits,20,59.5
maintwin,ecma262,word,seq,2,all-edits,20,57.5
main,ecma262,word,seq,2,all-edits,20,56.5
candidatetwin,ecma262,word,par,2,all-edits,20,86.0
candidate,ecma262,word,par,2,all-edits,20,87.5
beforetwin,ecma262,word,par,2,all-edits,20,94.5
before,ecma262,word,par,2,all-edits,20,85.5
maintwin,ecma262,word,par,2,all-edits,20,88.0
main,ecma262,word,par,2,all-edits,20,84.0
candidatetwin,ecma262,sentence,seq,2,all-edits,20,84.5
candidate,ecma262,sentence,seq,2,all-edits,20,82.5
beforetwin,ecma262,sentence,seq,2,all-edits,20,86.0
before,ecma262,sentence,seq,2,all-edits,20,83.5
maintwin,ecma262,sentence,seq,2,all-edits,20,183.0
main,ecma262,sentence,seq,2,all-edits,20,127.0
candidatetwin,ecma262,sentence,par,2,all-edits,20,117.5
candidate,ecma262,sentence,par,2,all-edits,20,116.0
beforetwin,ecma262,sentence,par,2,all-edits,20,113.0
before,ecma262,sentence,par,2,all-edits,20,112.5
maintwin,ecma262,sentence,par,2,all-edits,20,180.5
main,ecma262,sentence,par,2,all-edits,20,203.5
candidatetwin,ecma262,colour,seq,2,all-edits,20,12.0
candidate,ecma262,colour,seq,2,all-edits,20,12.0
beforetwin,ecma262,colour,seq,2,all-edits,20,13.0
before,ecma262,colour,seq,2,all-edits,20,12.0
maintwin,ecma262,colour,seq,2,all-edits,20,13.0
main,ecma262,colour,seq,2,all-edits,20,13.5
candidatetwin,ecma262,colour,par,2,all-edits,20,15.0
candidate,ecma262,colour,par,2,all-edits,20,16.0
beforetwin,ecma262,colour,par,2,all-edits,20,20.0
before,ecma262,colour,par,2,all-edits,20,17.5
maintwin,ecma262,colour,par,2,all-edits,20,13.0
main,ecma262,colour,par,2,all-edits,20,13.0
candidatetwin,ecma262,fontsize,seq,2,all-edits,20,811.0
candidate,ecma262,fontsize,seq,2,all-edits,20,825.0
beforetwin,ecma262,fontsize,seq,2,all-edits,20,805.0
before,ecma262,fontsize,seq,2,all-edits,20,823.0
maintwin,ecma262,fontsize,seq,2,all-edits,20,1571.0
main,ecma262,fontsize,seq,2,all-edits,20,1542.5
candidatetwin,ecma262,fontsize,par,2,all-edits,20,1026.5
candidate,ecma262,fontsize,par,2,all-edits,20,1056.5
beforetwin,ecma262,fontsize,par,2,all-edits,20,1071.5
before,ecma262,fontsize,par,2,all-edits,20,1068.0
maintwin,ecma262,fontsize,par,2,all-edits,20,1622.0
main,ecma262,fontsize,par,2,all-edits,20,1596.5
candidatetwin,ecma262,rootfont,seq,2,all-edits,20,3207.0
candidate,ecma262,rootfont,seq,2,all-edits,20,3077.0
beforetwin,ecma262,rootfont,seq,2,all-edits,20,3250.5
before,ecma262,rootfont,seq,2,all-edits,20,3216.0
maintwin,ecma262,rootfont,seq,2,all-edits,20,25764.0
main,ecma262,rootfont,seq,2,all-edits,20,26420.0
candidatetwin,ecma262,rootfont,par,2,all-edits,20,3464.5
candidate,ecma262,rootfont,par,2,all-edits,20,3376.5
beforetwin,ecma262,rootfont,par,2,all-edits,20,3431.5
before,ecma262,rootfont,par,2,all-edits,20,3401.5
maintwin,ecma262,rootfont,par,2,all-edits,20,36605.5
main,ecma262,rootfont,par,2,all-edits,20,39892.0
candidatetwin,ecma262,block,seq,2,all-edits,20,92.5
candidate,ecma262,block,seq,2,all-edits,20,93.0
beforetwin,ecma262,block,seq,2,all-edits,20,89.5
before,ecma262,block,seq,2,all-edits,20,91.5
maintwin,ecma262,block,seq,2,all-edits,20,377258.0
main,ecma262,block,seq,2,all-edits,20,369694.5
candidatetwin,ecma262,block,par,2,all-edits,20,123.5
candidate,ecma262,block,par,2,all-edits,20,129.5
beforetwin,ecma262,block,par,2,all-edits,20,117.5
before,ecma262,block,par,2,all-edits,20,131.0
maintwin,ecma262,block,par,2,all-edits,20,341619.0
main,ecma262,block,par,2,all-edits,20,337435.5
candidatetwin,html5,word,seq,2,all-edits,60,44.5
candidate,html5,word,seq,2,all-edits,60,43.5
beforetwin,html5,word,seq,2,all-edits,60,44.0
before,html5,word,seq,2,all-edits,60,44.0
maintwin,html5,word,seq,2,all-edits,60,39.5
main,html5,word,seq,2,all-edits,60,39.0
candidatetwin,html5,word,par,2,all-edits,60,62.5
candidate,html5,word,par,2,all-edits,60,65.0
beforetwin,html5,word,par,2,all-edits,60,63.5
before,html5,word,par,2,all-edits,60,63.5
maintwin,html5,word,par,2,all-edits,60,59.0
main,html5,word,par,2,all-edits,60,56.0
candidatetwin,html5,sentence,seq,2,all-edits,60,143.0
candidate,html5,sentence,seq,2,all-edits,60,145.5
beforetwin,html5,sentence,seq,2,all-edits,60,153.5
before,html5,sentence,seq,2,all-edits,60,150.0
maintwin,html5,sentence,seq,2,all-edits,60,196.5
main,html5,sentence,seq,2,all-edits,60,109.0
candidatetwin,html5,sentence,par,2,all-edits,60,156.0
candidate,html5,sentence,par,2,all-edits,60,167.0
beforetwin,html5,sentence,par,2,all-edits,60,155.0
before,html5,sentence,par,2,all-edits,60,182.5
maintwin,html5,sentence,par,2,all-edits,60,153.5
main,html5,sentence,par,2,all-edits,60,150.0
candidatetwin,html5,colour,seq,2,all-edits,60,9.0
candidate,html5,colour,seq,2,all-edits,60,9.0
beforetwin,html5,colour,seq,2,all-edits,60,9.0
before,html5,colour,seq,2,all-edits,60,9.0
maintwin,html5,colour,seq,2,all-edits,60,9.0
main,html5,colour,seq,2,all-edits,60,9.0
candidatetwin,html5,colour,par,2,all-edits,60,16.5
candidate,html5,colour,par,2,all-edits,60,16.0
beforetwin,html5,colour,par,2,all-edits,60,14.0
before,html5,colour,par,2,all-edits,60,15.0
maintwin,html5,colour,par,2,all-edits,60,13.0
main,html5,colour,par,2,all-edits,60,14.0
candidatetwin,html5,fontsize,seq,2,all-edits,60,649.5
candidate,html5,fontsize,seq,2,all-edits,60,652.5
beforetwin,html5,fontsize,seq,2,all-edits,60,611.0
before,html5,fontsize,seq,2,all-edits,60,644.0
maintwin,html5,fontsize,seq,2,all-edits,60,426.0
main,html5,fontsize,seq,2,all-edits,60,421.0
candidatetwin,html5,fontsize,par,2,all-edits,60,787.5
candidate,html5,fontsize,par,2,all-edits,60,911.0
beforetwin,html5,fontsize,par,2,all-edits,60,800.0
before,html5,fontsize,par,2,all-edits,60,857.0
maintwin,html5,fontsize,par,2,all-edits,60,468.0
main,html5,fontsize,par,2,all-edits,60,457.0
candidatetwin,html5,rootfont,seq,2,all-edits,60,754554.0
candidate,html5,rootfont,seq,2,all-edits,60,764891.0
beforetwin,html5,rootfont,seq,2,all-edits,60,764127.5
before,html5,rootfont,seq,2,all-edits,60,795441.0
maintwin,html5,rootfont,seq,2,all-edits,60,598719.0
main,html5,rootfont,seq,2,all-edits,60,603746.0
candidatetwin,html5,rootfont,par,2,all-edits,60,479493.5
candidate,html5,rootfont,par,2,all-edits,60,484144.5
beforetwin,html5,rootfont,par,2,all-edits,60,485676.5
before,html5,rootfont,par,2,all-edits,60,485132.5
maintwin,html5,rootfont,par,2,all-edits,60,347191.5
main,html5,rootfont,par,2,all-edits,60,349013.0
candidatetwin,html5,block,seq,2,all-edits,60,271.0
candidate,html5,block,seq,2,all-edits,60,255.5
beforetwin,html5,block,seq,2,all-edits,60,257.5
before,html5,block,seq,2,all-edits,60,259.0
maintwin,html5,block,seq,2,all-edits,60,389695.0
main,html5,block,seq,2,all-edits,60,385552.5
candidatetwin,html5,block,par,2,all-edits,60,239.0
candidate,html5,block,par,2,all-edits,60,246.0
beforetwin,html5,block,par,2,all-edits,60,248.0
before,html5,block,par,2,all-edits,60,260.0
maintwin,html5,block,par,2,all-edits,60,345640.0
main,html5,block,par,2,all-edits,60,344997.0
candidatetwin,apollo11,word,seq,2,all-edits,60,119.0
candidate,apollo11,word,seq,2,all-edits,60,115.5
beforetwin,apollo11,word,seq,2,all-edits,60,117.0
before,apollo11,word,seq,2,all-edits,60,123.0
maintwin,apollo11,word,seq,2,all-edits,60,109.5
main,apollo11,word,seq,2,all-edits,60,114.0
candidatetwin,apollo11,word,par,2,all-edits,60,187.5
candidate,apollo11,word,par,2,all-edits,60,198.5
beforetwin,apollo11,word,par,2,all-edits,60,187.5
before,apollo11,word,par,2,all-edits,60,188.0
maintwin,apollo11,word,par,2,all-edits,60,168.0
main,apollo11,word,par,2,all-edits,60,166.0
candidatetwin,apollo11,sentence,seq,2,all-edits,60,159.5
candidate,apollo11,sentence,seq,2,all-edits,60,158.0
beforetwin,apollo11,sentence,seq,2,all-edits,60,159.0
before,apollo11,sentence,seq,2,all-edits,60,158.5
maintwin,apollo11,sentence,seq,2,all-edits,60,127.0
main,apollo11,sentence,seq,2,all-edits,60,130.5
candidatetwin,apollo11,sentence,par,2,all-edits,60,286.0
candidate,apollo11,sentence,par,2,all-edits,60,297.5
beforetwin,apollo11,sentence,par,2,all-edits,60,281.0
before,apollo11,sentence,par,2,all-edits,60,285.5
maintwin,apollo11,sentence,par,2,all-edits,60,190.0
main,apollo11,sentence,par,2,all-edits,60,193.0
candidatetwin,apollo11,colour,seq,2,all-edits,60,16.5
candidate,apollo11,colour,seq,2,all-edits,60,15.0
beforetwin,apollo11,colour,seq,2,all-edits,60,15.0
before,apollo11,colour,seq,2,all-edits,60,15.0
maintwin,apollo11,colour,seq,2,all-edits,60,14.0
main,apollo11,colour,seq,2,all-edits,60,15.0
candidatetwin,apollo11,colour,par,2,all-edits,60,20.5
candidate,apollo11,colour,par,2,all-edits,60,25.5
beforetwin,apollo11,colour,par,2,all-edits,60,23.5
before,apollo11,colour,par,2,all-edits,60,22.0
maintwin,apollo11,colour,par,2,all-edits,60,19.0
main,apollo11,colour,par,2,all-edits,60,19.0
candidatetwin,apollo11,fontsize,seq,2,all-edits,60,201.0
candidate,apollo11,fontsize,seq,2,all-edits,60,182.0
beforetwin,apollo11,fontsize,seq,2,all-edits,60,191.5
before,apollo11,fontsize,seq,2,all-edits,60,192.0
maintwin,apollo11,fontsize,seq,2,all-edits,60,151.5
main,apollo11,fontsize,seq,2,all-edits,60,148.5
candidatetwin,apollo11,fontsize,par,2,all-edits,60,318.0
candidate,apollo11,fontsize,par,2,all-edits,60,321.5
beforetwin,apollo11,fontsize,par,2,all-edits,60,309.5
before,apollo11,fontsize,par,2,all-edits,60,298.5
maintwin,apollo11,fontsize,par,2,all-edits,60,298.0
main,apollo11,fontsize,par,2,all-edits,60,296.5
candidatetwin,apollo11,rootfont,seq,2,all-edits,60,53876.0
candidate,apollo11,rootfont,seq,2,all-edits,60,53564.0
beforetwin,apollo11,rootfont,seq,2,all-edits,60,53578.5
before,apollo11,rootfont,seq,2,all-edits,60,54370.0
maintwin,apollo11,rootfont,seq,2,all-edits,60,47259.0
main,apollo11,rootfont,seq,2,all-edits,60,47322.0
candidatetwin,apollo11,rootfont,par,2,all-edits,60,40045.0
candidate,apollo11,rootfont,par,2,all-edits,60,39476.5
beforetwin,apollo11,rootfont,par,2,all-edits,60,39848.0
before,apollo11,rootfont,par,2,all-edits,60,39656.5
maintwin,apollo11,rootfont,par,2,all-edits,60,40225.0
main,apollo11,rootfont,par,2,all-edits,60,39859.5
candidatetwin,apollo11,block,seq,2,all-edits,60,3204.5
candidatetwin,apollo11,block,seq,2,fallbacks,22,19157.0
candidate,apollo11,block,seq,2,all-edits,60,3262.0
candidate,apollo11,block,seq,2,fallbacks,22,19371.5
beforetwin,apollo11,block,seq,2,all-edits,60,3182.5
beforetwin,apollo11,block,seq,2,fallbacks,22,21178.5
before,apollo11,block,seq,2,all-edits,60,3180.0
before,apollo11,block,seq,2,fallbacks,22,21235.0
maintwin,apollo11,block,seq,2,all-edits,60,15488.5
maintwin,apollo11,block,seq,2,fallbacks,22,15547.5
main,apollo11,block,seq,2,all-edits,60,14760.5
main,apollo11,block,seq,2,fallbacks,22,14764.5
candidatetwin,apollo11,block,par,2,all-edits,60,3482.5
candidatetwin,apollo11,block,par,2,fallbacks,22,20717.0
candidate,apollo11,block,par,2,all-edits,60,3479.5
candidate,apollo11,block,par,2,fallbacks,22,20082.0
beforetwin,apollo11,block,par,2,all-edits,60,3414.5
beforetwin,apollo11,block,par,2,fallbacks,22,22166.0
before,apollo11,block,par,2,all-edits,60,3558.5
before,apollo11,block,par,2,fallbacks,22,22088.5
maintwin,apollo11,block,par,2,all-edits,60,14069.5
maintwin,apollo11,block,par,2,fallbacks,22,14162.0
main,apollo11,block,par,2,all-edits,60,14070.0
main,apollo11,block,par,2,fallbacks,22,14211.0
main,ecma262,word,seq,3,all-edits,20,54.5
maintwin,ecma262,word,seq,3,all-edits,20,55.0
before,ecma262,word,seq,3,all-edits,20,58.5
beforetwin,ecma262,word,seq,3,all-edits,20,56.5
candidate,ecma262,word,seq,3,all-edits,20,56.5
candidatetwin,ecma262,word,seq,3,all-edits,20,56.5
main,ecma262,word,par,3,all-edits,20,74.5
maintwin,ecma262,word,par,3,all-edits,20,78.0
before,ecma262,word,par,3,all-edits,20,84.0
beforetwin,ecma262,word,par,3,all-edits,20,81.5
candidate,ecma262,word,par,3,all-edits,20,83.0
candidatetwin,ecma262,word,par,3,all-edits,20,87.0
main,ecma262,sentence,seq,3,all-edits,20,131.0
maintwin,ecma262,sentence,seq,3,all-edits,20,135.0
before,ecma262,sentence,seq,3,all-edits,20,81.5
beforetwin,ecma262,sentence,seq,3,all-edits,20,79.0
candidate,ecma262,sentence,seq,3,all-edits,20,82.0
candidatetwin,ecma262,sentence,seq,3,all-edits,20,80.0
main,ecma262,sentence,par,3,all-edits,20,204.0
maintwin,ecma262,sentence,par,3,all-edits,20,227.5
before,ecma262,sentence,par,3,all-edits,20,112.0
beforetwin,ecma262,sentence,par,3,all-edits,20,112.5
candidate,ecma262,sentence,par,3,all-edits,20,113.0
candidatetwin,ecma262,sentence,par,3,all-edits,20,114.5
main,ecma262,colour,seq,3,all-edits,20,13.0
maintwin,ecma262,colour,seq,3,all-edits,20,13.0
before,ecma262,colour,seq,3,all-edits,20,12.0
beforetwin,ecma262,colour,seq,3,all-edits,20,12.0
candidate,ecma262,colour,seq,3,all-edits,20,12.0
candidatetwin,ecma262,colour,seq,3,all-edits,20,12.0
main,ecma262,colour,par,3,all-edits,20,12.5
maintwin,ecma262,colour,par,3,all-edits,20,14.5
before,ecma262,colour,par,3,all-edits,20,14.5
beforetwin,ecma262,colour,par,3,all-edits,20,16.0
candidate,ecma262,colour,par,3,all-edits,20,23.5
candidatetwin,ecma262,colour,par,3,all-edits,20,16.5
main,ecma262,fontsize,seq,3,all-edits,20,1526.5
maintwin,ecma262,fontsize,seq,3,all-edits,20,1605.0
before,ecma262,fontsize,seq,3,all-edits,20,837.0
beforetwin,ecma262,fontsize,seq,3,all-edits,20,798.0
candidate,ecma262,fontsize,seq,3,all-edits,20,816.5
candidatetwin,ecma262,fontsize,seq,3,all-edits,20,805.5
main,ecma262,fontsize,par,3,all-edits,20,1655.5
maintwin,ecma262,fontsize,par,3,all-edits,20,1589.5
before,ecma262,fontsize,par,3,all-edits,20,1033.0
beforetwin,ecma262,fontsize,par,3,all-edits,20,1100.0
candidate,ecma262,fontsize,par,3,all-edits,20,1060.5
candidatetwin,ecma262,fontsize,par,3,all-edits,20,1075.0
main,ecma262,rootfont,seq,3,all-edits,20,25973.0
maintwin,ecma262,rootfont,seq,3,all-edits,20,27741.0
before,ecma262,rootfont,seq,3,all-edits,20,2773.5
beforetwin,ecma262,rootfont,seq,3,all-edits,20,3047.5
candidate,ecma262,rootfont,seq,3,all-edits,20,3288.0
candidatetwin,ecma262,rootfont,seq,3,all-edits,20,3303.5
main,ecma262,rootfont,par,3,all-edits,20,39293.5
maintwin,ecma262,rootfont,par,3,all-edits,20,38199.5
before,ecma262,rootfont,par,3,all-edits,20,3646.0
beforetwin,ecma262,rootfont,par,3,all-edits,20,3519.0
candidate,ecma262,rootfont,par,3,all-edits,20,3434.0
candidatetwin,ecma262,rootfont,par,3,all-edits,20,3457.0
main,ecma262,block,seq,3,all-edits,20,377903.0
maintwin,ecma262,block,seq,3,all-edits,20,376722.0
before,ecma262,block,seq,3,all-edits,20,88.0
beforetwin,ecma262,block,seq,3,all-edits,20,93.5
candidate,ecma262,block,seq,3,all-edits,20,88.5
candidatetwin,ecma262,block,seq,3,all-edits,20,90.0
main,ecma262,block,par,3,all-edits,20,345545.0
maintwin,ecma262,block,par,3,all-edits,20,344533.5
before,ecma262,block,par,3,all-edits,20,125.5
beforetwin,ecma262,block,par,3,all-edits,20,121.0
candidate,ecma262,block,par,3,all-edits,20,120.0
candidatetwin,ecma262,block,par,3,all-edits,20,133.5
main,html5,word,seq,3,all-edits,60,39.5
maintwin,html5,word,seq,3,all-edits,60,40.5
before,html5,word,seq,3,all-edits,60,44.5
beforetwin,html5,word,seq,3,all-edits,60,43.0
candidate,html5,word,seq,3,all-edits,60,44.5
candidatetwin,html5,word,seq,3,all-edits,60,43.0
main,html5,word,par,3,all-edits,60,60.0
maintwin,html5,word,par,3,all-edits,60,54.5
before,html5,word,par,3,all-edits,60,66.0
beforetwin,html5,word,par,3,all-edits,60,63.5
candidate,html5,word,par,3,all-edits,60,68.0
candidatetwin,html5,word,par,3,all-edits,60,69.0
main,html5,sentence,seq,3,all-edits,60,115.5
maintwin,html5,sentence,seq,3,all-edits,60,109.5
before,html5,sentence,seq,3,all-edits,60,153.5
beforetwin,html5,sentence,seq,3,all-edits,60,158.5
candidate,html5,sentence,seq,3,all-edits,60,152.0
candidatetwin,html5,sentence,seq,3,all-edits,60,145.5
main,html5,sentence,par,3,all-edits,60,138.5
maintwin,html5,sentence,par,3,all-edits,60,156.0
before,html5,sentence,par,3,all-edits,60,153.0
beforetwin,html5,sentence,par,3,all-edits,60,156.0
candidate,html5,sentence,par,3,all-edits,60,155.5
candidatetwin,html5,sentence,par,3,all-edits,60,158.0
main,html5,colour,seq,3,all-edits,60,9.0
maintwin,html5,colour,seq,3,all-edits,60,9.0
before,html5,colour,seq,3,all-edits,60,9.0
beforetwin,html5,colour,seq,3,all-edits,60,9.0
candidate,html5,colour,seq,3,all-edits,60,9.0
candidatetwin,html5,colour,seq,3,all-edits,60,9.5
main,html5,colour,par,3,all-edits,60,13.5
maintwin,html5,colour,par,3,all-edits,60,13.0
before,html5,colour,par,3,all-edits,60,14.0
beforetwin,html5,colour,par,3,all-edits,60,15.0
candidate,html5,colour,par,3,all-edits,60,17.0
candidatetwin,html5,colour,par,3,all-edits,60,13.5
main,html5,fontsize,seq,3,all-edits,60,410.5
maintwin,html5,fontsize,seq,3,all-edits,60,418.0
before,html5,fontsize,seq,3,all-edits,60,624.5
beforetwin,html5,fontsize,seq,3,all-edits,60,642.0
candidate,html5,fontsize,seq,3,all-edits,60,654.5
candidatetwin,html5,fontsize,seq,3,all-edits,60,608.5
main,html5,fontsize,par,3,all-edits,60,462.5
maintwin,html5,fontsize,par,3,all-edits,60,441.5
before,html5,fontsize,par,3,all-edits,60,797.0
beforetwin,html5,fontsize,par,3,all-edits,60,792.0
candidate,html5,fontsize,par,3,all-edits,60,793.0
candidatetwin,html5,fontsize,par,3,all-edits,60,780.0
main,html5,rootfont,seq,3,all-edits,60,590152.5
maintwin,html5,rootfont,seq,3,all-edits,60,596518.5
before,html5,rootfont,seq,3,all-edits,60,747399.5
beforetwin,html5,rootfont,seq,3,all-edits,60,750752.0
candidate,html5,rootfont,seq,3,all-edits,60,760485.5
candidatetwin,html5,rootfont,seq,3,all-edits,60,752955.0
main,html5,rootfont,par,3,all-edits,60,358108.5
maintwin,html5,rootfont,par,3,all-edits,60,360225.0
before,html5,rootfont,par,3,all-edits,60,486203.5
beforetwin,html5,rootfont,par,3,all-edits,60,484727.0
candidate,html5,rootfont,par,3,all-edits,60,489369.5
candidatetwin,html5,rootfont,par,3,all-edits,60,486000.0
main,html5,block,seq,3,all-edits,60,384724.5
maintwin,html5,block,seq,3,all-edits,60,386865.0
before,html5,block,seq,3,all-edits,60,267.5
beforetwin,html5,block,seq,3,all-edits,60,263.0
candidate,html5,block,seq,3,all-edits,60,271.5
candidatetwin,html5,block,seq,3,all-edits,60,257.0
main,html5,block,par,3,all-edits,60,343008.0
maintwin,html5,block,par,3,all-edits,60,345504.0
before,html5,block,par,3,all-edits,60,242.5
beforetwin,html5,block,par,3,all-edits,60,243.5
candidate,html5,block,par,3,all-edits,60,239.5
candidatetwin,html5,block,par,3,all-edits,60,241.0
main,apollo11,word,seq,3,all-edits,60,109.5
maintwin,apollo11,word,seq,3,all-edits,60,109.5
before,apollo11,word,seq,3,all-edits,60,115.0
beforetwin,apollo11,word,seq,3,all-edits,60,115.5
candidate,apollo11,word,seq,3,all-edits,60,115.5
candidatetwin,apollo11,word,seq,3,all-edits,60,118.5
main,apollo11,word,par,3,all-edits,60,162.0
maintwin,apollo11,word,par,3,all-edits,60,162.5
before,apollo11,word,par,3,all-edits,60,184.5
beforetwin,apollo11,word,par,3,all-edits,60,190.5
candidate,apollo11,word,par,3,all-edits,60,188.5
candidatetwin,apollo11,word,par,3,all-edits,60,191.5
main,apollo11,sentence,seq,3,all-edits,60,125.5
maintwin,apollo11,sentence,seq,3,all-edits,60,125.5
before,apollo11,sentence,seq,3,all-edits,60,158.0
beforetwin,apollo11,sentence,seq,3,all-edits,60,165.0
candidate,apollo11,sentence,seq,3,all-edits,60,157.0
candidatetwin,apollo11,sentence,seq,3,all-edits,60,162.0
main,apollo11,sentence,par,3,all-edits,60,212.0
maintwin,apollo11,sentence,par,3,all-edits,60,202.0
before,apollo11,sentence,par,3,all-edits,60,290.5
beforetwin,apollo11,sentence,par,3,all-edits,60,292.5
candidate,apollo11,sentence,par,3,all-edits,60,288.5
candidatetwin,apollo11,sentence,par,3,all-edits,60,291.5
main,apollo11,colour,seq,3,all-edits,60,14.0
maintwin,apollo11,colour,seq,3,all-edits,60,13.5
before,apollo11,colour,seq,3,all-edits,60,14.5
beforetwin,apollo11,colour,seq,3,all-edits,60,14.0
candidate,apollo11,colour,seq,3,all-edits,60,15.5
candidatetwin,apollo11,colour,seq,3,all-edits,60,15.0
main,apollo11,colour,par,3,all-edits,60,20.0
maintwin,apollo11,colour,par,3,all-edits,60,20.0
before,apollo11,colour,par,3,all-edits,60,30.0
beforetwin,apollo11,colour,par,3,all-edits,60,25.0
candidate,apollo11,colour,par,3,all-edits,60,25.5
candidatetwin,apollo11,colour,par,3,all-edits,60,21.0
main,apollo11,fontsize,seq,3,all-edits,60,163.0
maintwin,apollo11,fontsize,seq,3,all-edits,60,153.0
before,apollo11,fontsize,seq,3,all-edits,60,179.5
beforetwin,apollo11,fontsize,seq,3,all-edits,60,192.5
candidate,apollo11,fontsize,seq,3,all-edits,60,174.5
candidatetwin,apollo11,fontsize,seq,3,all-edits,60,184.0
main,apollo11,fontsize,par,3,all-edits,60,290.5
maintwin,apollo11,fontsize,par,3,all-edits,60,296.0
before,apollo11,fontsize,par,3,all-edits,60,325.5
beforetwin,apollo11,fontsize,par,3,all-edits,60,309.5
candidate,apollo11,fontsize,par,3,all-edits,60,317.5
candidatetwin,apollo11,fontsize,par,3,all-edits,60,306.0
main,apollo11,rootfont,seq,3,all-edits,60,47293.5
maintwin,apollo11,rootfont,seq,3,all-edits,60,47712.5
before,apollo11,rootfont,seq,3,all-edits,60,53600.5
beforetwin,apollo11,rootfont,seq,3,all-edits,60,53587.0
candidate,apollo11,rootfont,seq,3,all-edits,60,53594.0
candidatetwin,apollo11,rootfont,seq,3,all-edits,60,53589.5
main,apollo11,rootfont,par,3,all-edits,60,40056.5
maintwin,apollo11,rootfont,par,3,all-edits,60,40097.0
before,apollo11,rootfont,par,3,all-edits,60,40068.0
beforetwin,apollo11,rootfont,par,3,all-edits,60,39766.5
candidate,apollo11,rootfont,par,3,all-edits,60,40249.0
candidatetwin,apollo11,rootfont,par,3,all-edits,60,39694.0
main,apollo11,block,seq,3,all-edits,60,14649.0
main,apollo11,block,seq,3,fallbacks,22,14675.0
maintwin,apollo11,block,seq,3,all-edits,60,14567.0
maintwin,apollo11,block,seq,3,fallbacks,22,14622.5
before,apollo11,block,seq,3,all-edits,60,3289.0
before,apollo11,block,seq,3,fallbacks,22,21862.5
beforetwin,apollo11,block,seq,3,all-edits,60,3254.5
beforetwin,apollo11,block,seq,3,fallbacks,22,22532.0
candidate,apollo11,block,seq,3,all-edits,60,3238.5
candidate,apollo11,block,seq,3,fallbacks,22,20079.5
candidatetwin,apollo11,block,seq,3,all-edits,60,3210.0
candidatetwin,apollo11,block,seq,3,fallbacks,22,19395.5
main,apollo11,block,par,3,all-edits,60,13983.0
main,apollo11,block,par,3,fallbacks,22,14161.0
maintwin,apollo11,block,par,3,all-edits,60,14330.0
maintwin,apollo11,block,par,3,fallbacks,22,14395.0
before,apollo11,block,par,3,all-edits,60,3385.0
before,apollo11,block,par,3,fallbacks,22,21743.5
beforetwin,apollo11,block,par,3,all-edits,60,3406.5
beforetwin,apollo11,block,par,3,fallbacks,22,21601.0
candidate,apollo11,block,par,3,all-edits,60,3416.0
candidate,apollo11,block,par,3,fallbacks,22,19587.0
candidatetwin,apollo11,block,par,3,all-edits,60,3383.0
candidatetwin,apollo11,block,par,3,fallbacks,22,19668.5
