function,main_calls,main_self,before_calls,before_self,candidate_calls,candidate_self,difference,repair_difference
_int_malloc,870979,173976156,1199550,243845844,1199550,243845844,69869688,0
wf_layout.slot_read<all>,0,0,3258724,70457987,2561625,55586912,55586912,-14871075
__memcpy_avx_unaligned_erms,538340,42136225,1309736,80605099,1309736,80604999,38468774,-100
_int_free,2464325,164178816,2986025,200584622,2986025,200584622,36405806,0
wf_layout.route_write<all>,0,0,884623,36047324,810557,33054012,33054012,-2993312
wf_layout.slot_write<all>,0,0,884623,35162701,810557,32243455,32243455,-2919246
wf_layout.note_use,0,0,367426,28135354,367426,28135354,28135354,0
wf_layout.retain_routes,0,0,22,28380180,22,27935112,27935112,-445068
malloc,2242880,116515513,2694787,143149119,2694787,143149119,26633606,0
wf_layout.reduce_sequence,0,0,151925,25672145,151925,25672145,25672145,0
malloc_consolidate,19896,40596243,80676,60886748,80676,60886748,20290505,0
wf_layout.finish_sequence,0,0,32995,18611649,32995,18611649,18611649,0
free,2242880,87472320,2705200,105502800,2705200,105502800,18030480,0
wf_layout.join_output,0,0,170465,15612604,170465,15612604,15612604,0
wf_layout.push_item<all>,2404276,95232736,2739521,110374057,2739521,110374057,15141321,0
wf_layout.record_units,0,0,14802,12860882,14802,12860882,12860882,0
wf_layout.route_table<all>,0,0,110,11140206,110,11140206,11140206,0
wf_layout.padding_edges,1475856,291548000,1532428,302688060,1532428,302688060,11140060,0
wf_layout.copy_route_pages<all>,0,0,0,0,66,10389310,10389310,10389310
wf_layout.publish_boundaries,0,0,12425,10307007,12425,10307007,10307007,0
wf_layout.fill_flow,0,0,158808,10142656,158808,10142656,10142656,0
wf_layout.border_edges,1496940,265799020,1553570,275830810,1553570,275830810,10031790,0
wf_layout.copy_retained_units,0,0,0,0,22,9312970,9312970,9312970
wf_layout.counted_block_origin,0,0,199164,9180564,199164,9180564,9180564,0
unlink_chunk.isra.0,870285,18982456,1266778,27933040,1266778,27933040,8950584,0
wf_layout.bulk_nodes,0,0,151167,7694114,151167,7694114,7694114,0
_int_free_merge_chunk,294614,18991649,400813,26197509,400813,26197509,7205860,0
wf_layout.prepare_boundary_entry_at,0,0,79123,7022848,79123,7022848,7022848,0
wf_layout.own_geometry,0,0,22629,6528750,22629,6528750,6528750,0
realloc,223086,23641996,284229,30120402,284229,30120402,6478406,0
wf_layout.entry_motion_at,0,0,60975,5859915,60975,5859915,5859915,0
wf_layout.block_output,0,0,18392,5834759,18392,5834759,5834759,0
wf_layout.shift_motion,0,0,39066,5661192,39066,5661192,5661192,0
wf_layout.flow_frame,15340,2480520,46577,7855230,46577,7855230,5374710,0
wf_layout.walk_element,198043,21312693,198053,26678620,198053,26678620,5365927,0
wf_layout.specified_height,50600,4456010,106705,9656475,106705,9656475,5200465,0
wf_layout.position_out_events,0,0,20247,4930177,20247,4930177,4930177,0
wf_layout.stack_flow,12430,23488116,12442,28323042,12442,28323042,4834926,0
_int_realloc,223006,16640866,284106,21242135,284106,21242135,4601269,0
wf_layout.store_reduction,0,0,30695,4471484,30695,4471484,4471484,0
wf_layout.update_flow_reference_full,0,0,2613,4196617,2613,4196617,4196617,0
wf_layout.lift_block_output,0,0,18446,4026661,18446,4026661,4026661,0
wf_layout.new_context,14802,4825452,14822,8774624,14822,8774624,3949172,0
wf_layout.margin_edges,1628542,315221650,1648860,319162620,1648860,319162620,3940970,0
wf_layout.copy_retained_contexts,0,0,0,0,22,3842960,3842960,3842960
wf_layout.append_flow,0,0,78889,3705351,78889,3705351,3705351,0
_int_free_maybe_consolidate,294614,7084383,400813,10433453,400813,10433453,3349070,0
wf_layout.height_relative,23768,1129664,94749,4416432,94749,4416432,3286768,0
wf_layout.counted_retained_block_origin,0,0,32725,3272681,32725,3272681,3272681,0
wf_layout.reference_geometry,0,0,22629,3252103,22629,3252103,3252103,0
wf_layout.paragraph_position,0,0,49898,3192530,49898,3192530,3192530,0
wf_layout.frontier_from_paragraphs,0,0,71044,3177091,71044,3177091,3177091,0
wf_layout.block_position,0,0,61976,3036824,61976,3036824,3036824,0
wf_layout.pending_append,0,0,60706,2692400,60706,2692400,2692400,0
wf_layout.counted_paragraph_origin,0,0,53962,2630936,53962,2630936,2630936,0
wf_layout.build_split_topology,0,0,12403,2470847,12403,2470847,2470847,0
wf_layout.height_limits,26956,2694226,51963,5159513,51963,5159513,2465287,0
wf_layout.paragraph_output,0,0,38313,2464672,38313,2464672,2464672,0
wf_layout.materialize_flow,0,0,29753,2439597,29753,2439597,2439597,0
wf_layout.container_of,50819,1984728,113305,4377560,113305,4377560,2392832,0
wf_layout.column_gap_of,15340,1138880,46577,3456893,46577,3456893,2318013,0
wf_layout.geometry_snapshot,0,0,28780,2278428,28780,2278428,2278428,0
wf_layout.new_block,0,0,18183,2181960,18183,2181960,2181960,0
wf_layout.paragraph_frames,0,0,6151,2130738,6151,2130738,2130738,0
wf_layout.boundary_ranks,0,0,12425,2106347,12425,2106347,2106347,0
wf_layout.fragment_certificates,0,0,26727,2032183,26727,2032183,2032183,0
wf_layout.reference_natural,0,0,60232,1947716,60232,1947716,1947716,0
wf_layout.refresh_all_empty_sources,0,0,64753,1933034,64753,1933034,1933034,0
wf_layout.prepare_spaces,12384,10192534,12403,12114275,12403,12114275,1921741,0
wf_layout.build_fragment_ranges,0,0,22607,1831167,22607,1831167,1831167,0
wf_layout.column_shape,15340,878700,46577,2665689,46577,2665689,1786989,0
__truncf_sse41,24449684,73349052,25033544,75100632,25033544,75100632,1751580,0
wf_layout.definite_block_height,0,0,24709,1732315,24709,1732315,1732315,0
wf_layout.publish_flow_first_baseline,0,0,12572,1678300,12572,1678300,1678300,0
wf_layout.relative_steps,35242,4462606,35242,6110650,35242,6110650,1648044,0
wf.drop.run.300031f68740bf46,14802,3857978,14822,5435598,14822,5435598,1577620,0
wf_layout.reference_fragment_geometry,0,0,6151,1563997,6151,1563997,1563997,0
wf_layout.block_local,0,0,42992,1510942,42992,1510942,1510942,0
wf_layout.place_element,184083,39758429,184093,41265796,184093,41265796,1507367,0
wf_layout.reconstruction_route_bound,0,0,14802,1400370,14802,1400370,1400370,0
wf_layout.materialize_reference_item,0,0,79137,1269717,79137,1269717,1269717,0
wf_layout.split_fragments,0,0,12403,1265106,12403,1265106,1265106,0
wf_layout.own_fragment_geometry,0,0,22754,1155750,22754,1155750,1155750,0
wf_layout.refresh_empty_paragraph,0,0,38158,1140118,38158,1140118,1140118,0
wf_layout.lay_out_context,12424,302244,12434,1413046,12434,1413046,1110802,0
wf_layout.apply_counters,223243,39108887,223253,40217982,223253,40217982,1109095,0
wf.drop.run.d581c4ecf02c8fce,14802,7643008,14822,8748460,14822,8748460,1105452,0
wf_layout.paragraph_local,0,0,32629,1076953,32629,1076953,1076953,0
wf.drop.t.7e2fac0425877ed7,0,0,62775,1074075,62775,1074075,1074075,0
wf_layout.finish_reference_geometry,0,0,32993,1062469,32993,1062469,1062469,0
wf_layout.resolve_height_proof,0,0,5497,1053971,5497,1053971,1053971,0
wf_layout.anchored_fragment_value,0,0,24057,1034451,24057,1034451,1034451,0
wf.drop.t.a39a4671f4925155,0,0,113212,1033638,113212,1033638,1033638,0
wf_layout.child_height_summaries,0,0,17668,1014820,17668,1014820,1014820,0
wf.drop.t.58a1feae9a237e43,0,0,62775,984810,62775,984810,984810,0
wf_layout.paragraph_intrinsic,26368,61182040,26368,62156464,26368,62156464,974424,0
wf_layout.update_flow_replay,0,0,2782,969710,2782,969710,969710,0
wf_layout.relative_offset,236142,11125046,254557,12067101,254557,12067101,942055,0
wf_layout.new_paragraph,37913,6748514,37923,7660446,37923,7660446,911932,0
wf_layout.place_atomics,0,0,21611,806663,21611,806663,806663,0
wf_layout.intrinsic_sizes_events,0,0,5354,801226,5354,801226,801226,0
wf_layout.grid_reduce_proposals,0,0,14168,732996,14168,732996,732996,0
wf_layout.clear_subtree,0,0,10800,695400,10800,695400,695400,0
wf_layout.update_flow_reference,0,0,2760,663374,2760,663374,663374,0
wf_layout.fragment_roles_certificates,0,0,22607,655603,22607,655603,655603,0
wf.drop.run.bcd8d17a6263d86e,0,0,14822,650748,14822,650748,650748,0
wf_layout.finish_flow,12384,2062336,12403,2698406,12403,2698406,636070,0
wf_layout.height_sizings,0,0,30206,604120,30206,604120,604120,0
wf_layout.new_open,0,0,12212,598388,12212,598388,598388,0
wf_layout.refresh_context_height_proof,0,0,24837,571496,24837,571496,571496,0
wf_layout.finish_tree_sequences,0,0,14812,561110,14812,561110,561110,0
wf_layout.inherited_range_output,0,0,4064,530444,4064,530444,530444,0
wf_font.apply_forward,3780,8094717,3900,8616227,3900,8616227,521510,0
wf_layout.context_size_output,0,0,2011,508704,2011,508704,508704,0
wf_layout.counted_child_origin,0,0,9829,507098,9829,507098,507098,0
wf_layout.retire_tree,0,0,14802,500972,14802,500972,500972,0
wf_layout.empty_marks_present,0,0,17697,498421,17697,498421,498421,0
wf_layout.intrinsic_content,12564,171046,12104,664672,12104,664672,493626,0
wf_layout.update_flow_inner,0,0,2782,489632,2782,489632,489632,0
wf_layout.position_one,0,0,1250,475760,1250,475760,475760,0
alloc_perturb,447707,1790828,563399,2253596,563399,2253596,462768,0
wf_layout.lay_out_table,1120,3670820,1120,4100200,1120,4100200,429380,0
wf_layout.mark_fresh,14802,850233,14802,1229139,14802,1229139,378906,0
wf_layout.reset_tree,12140,543080,12140,919420,12140,919420,376340,0
wf_layout.first_float_entry,0,0,2613,365295,2613,365295,365295,0
wf_layout.clear_fragment_anchors,0,0,15047,352896,15047,352896,352896,0
wf_layout.fresh_containing_proof,0,0,5401,351799,5401,351799,351799,0
wf_layout.context_height_current,0,0,14664,344370,14664,344370,344370,0
wf_layout.reference_child_event,0,0,5886,322052,5886,322052,322052,0
wf_layout.boundary_set,0,0,321,320011,321,320011,320011,0
wf_layout.intrinsic_flow,9862,3100430,9862,3417830,9862,3417830,317400,0
wf_layout.slot_output,0,0,8737,314572,8737,314572,314572,0
wf_layout.same_outputs,66,1254,6322,292243,6322,292243,290989,0
wf_layout.text.cluster_face,24260,4050481,25840,4314311,25840,4314311,263830,0
wf_layout.count_tree,66230,2357540,41744,2619670,41744,2619670,262130,0
wf_layout.exclusion_room,0,0,1362,260952,1362,260952,260952,0
wf_layout.fill_split_joins,0,0,12403,260463,12403,260463,260463,0
wf_layout.keep_height_proof,0,0,5246,258638,5246,258638,258638,0
wf_layout.route_read<all>,0,0,1221163,19217974,12784,255548,255548,-18962426
wf_layout.build_box,12762,1454868,12762,1710108,12762,1710108,255240,0
wf_layout.intrinsic_content_events,0,0,10604,229074,10604,229074,229074,0
wf.drop.t.2bf93af98607f5ae,0,0,6850,228665,6872,228885,228885,220
wf_layout.initial_size,6928,332544,11616,557568,11616,557568,225024,0
wf_font.write_item,121773,3409171,129683,3630641,129683,3630641,221470,0
wf_layout.update_held,4382,392248,4384,613180,4384,613180,220932,0
wf_layout.block_height_proof,0,0,3351,217598,3351,217598,217598,0
wf_layout.text.find_breaks,1453,3376089,1463,3590879,1463,3590879,214790,0
wf_layout.next_line,60161,367703809,60195,367917860,60195,367917860,214051,0
wf_layout.materialize_reference_paragraph,0,0,38313,211726,38313,211726,211726,0
wf_font.decompose_current,24260,3226580,25840,3436720,25840,3436720,210140,0
wf_layout.lay_out_flow,9780,695280,9790,903290,9790,903290,208010,0
wf_layout.sequence_select,0,0,2481,202908,2481,202908,202908,0
wf_layout.stationary_child,0,0,2782,194246,2782,194246,194246,0
wf_layout.retire_range_descriptors,0,0,5397,188895,5397,188895,188895,0
wf_layout.grid_propose,0,0,2992,184866,2992,184866,184866,0
wf_layout.grid_pass,1364,359282,1364,543048,1364,543048,183766,0
wf_text.line_break.decide_boundary,24287,2852889,25857,3028419,25857,3028419,175530,0
wf_layout.text.itemize_faces,1455,2761215,1465,2936645,1465,2936645,175430,0
wf_layout.collect_units,40,790500,40,963220,40,963220,172720,0
wf_layout.nested_event,0,0,1439,169383,1439,169383,169383,0
wf_layout.grid_has_proposals,0,0,5456,166408,5456,166408,166408,0
wf_layout.context_height_proof,0,0,2176,157120,2176,157120,157120,0
wf_layout.preserve_reference_naturals,0,0,6151,154479,6151,154479,154479,0
wf_layout.changed_height_reads,0,0,3840,150000,3840,150000,150000,0
wf_layout.break_lines,40301,20552938,40314,20698400,40314,20698400,145462,0
wf_layout.end_paragraph,50428,3377968,50458,3523341,50458,3523341,145373,0
wf_layout.slot_view,0,0,2814,144988,2814,144988,144988,0
wf_layout.text.shape_segment,315,2243880,325,2388000,325,2388000,144120,0
wf_text.line_break.build_runs,1453,2518981,1463,2661171,1463,2661171,142190,0
wf_layout.fallback_extents,3711054,232320526,3713274,232460386,3713274,232460386,139860,0
wf_layout.add_text_scalar,24260,2134351,25840,2272521,25840,2272521,138170,0
wf_layout.stored_height_summary,0,0,26936,137816,26936,137816,137816,0
wf_layout.fill_fragment_ranges,0,0,22607,135642,22607,135642,135642,0
wf__heap_give,30920,340120,42776,470536,42776,470536,130416,0
wf_layout.text.scalar_script,27543,2304611,29133,2430521,29133,2430521,125910,0
wf_layout.add_scalars,0,0,2480,119040,2480,119040,119040,0
wf_layout.lay_out_flex,240,301600,240,418080,240,418080,116480,0
wf_layout.boundary_update,0,0,2758,104766,2758,104766,104766,0
wf_layout.add_piece,0,0,2480,104160,2480,104160,104160,0
wf_layout.full_reference_publication,0,0,2635,103503,2635,103503,103503,0
wf_font.position_pair,6358,1444992,6798,1544692,6798,1544692,99700,0
wf.drop.t.f320f1fdcdf9823b,0,0,33020,99060,33020,99060,99060,0
wf_box_segments_filled<all>,0,0,748,94380,748,94380,94380,0
0x000000000495c6b0,208316,416632,254563,509126,254563,509126,92494,0
wf_layout.finish_reference_scope,0,0,2760,87067,2760,87067,87067,0
wf_layout.moved_paragraph,0,0,2782,86242,2782,86242,86242,0
wf_layout.before_of,0,0,1645,85225,1645,85225,85225,0
wf_layout.stationary_frontier,0,0,2782,83786,2782,83786,83786,0
wf_layout.reference_item_output,0,0,360,81303,360,81303,81303,0
wf_layout.text.apply_spacing,1455,1275552,1465,1354532,1465,1354532,78980,0
wf_layout.text.shape_segments,1455,1308935,1465,1385665,1465,1385665,76730,0
wf_font.shape_run,315,1188100,325,1263880,325,1263880,75780,0
wf_text.line_break.decide_all,1453,1223916,1463,1298296,1463,1298296,74380,0
wf_font.next_char,24260,1140220,25840,1214480,25840,1214480,74260,0
wf_layout.fill_split_dependencies,0,0,12212,73272,12212,73272,73272,0
wf_layout.prepare_marked,12502,1352188,12502,1423917,12502,1423917,71729,0
wf_layout.publish_reference_positioned,0,0,125,66615,125,66615,66615,0
wf_font.set_positions,315,1012500,325,1079080,325,1079080,66580,0
wf_layout.child_motion_travel_with_owner,0,0,745,64815,745,64815,64815,0
wf_layout.splice_move,0,0,172,64319,172,64319,64319,0
wf_layout.initial_spacing,3688,114328,5724,177444,5724,177444,63116,0
wf_layout.flex_stretch,0,0,500,58000,500,58000,58000,0
wf_font.map_glyphs,315,881865,325,939015,325,939015,57150,0
wf_layout.put_scalar,24260,889744,25840,946584,25840,946584,56840,0
wf_layout.frontier_prepare,0,0,442,56617,442,56617,56617,0
wf_layout.direct_slot,0,0,210,51357,210,51357,51357,0
wf_text.line_break.decide_inseparable_and_numeric,15823,854156,16753,904376,16753,904376,50220,0
wf_layout.flex_prepare,500,314300,500,364340,500,364340,50040,0
wf_layout.add_row_fragments,1120,362220,1120,411660,1120,411660,49440,0
wf_text.line_break.write_runs,1453,845848,1463,895188,1463,895188,49340,0
wf_layout.position_out_children,24,6366,39,55053,39,55053,48687,0
wf_font.set_unicode_props,315,734730,325,782350,325,782350,47620,0
wf_layout.add_pseudo,378090,125264852,378110,125310472,378110,125310472,45620,0
wf.drop.t.4af94ce8f986d1e9,0,0,14822,44466,14822,44466,44466,0
wf_layout.settle_child,3526,201246,3540,240880,3540,240880,39634,0
wf_layout.place_cell,7560,729860,7560,769020,7560,769020,39160,0
wf_font.collect_stage,945,1226645,975,1265595,975,1265595,38950,0
wf_layout.materialize_reference_child,0,0,4292,38604,4292,38604,38604,0
wf_layout.add_group,500,468980,500,506940,500,506940,37960,0
wf_font.merge_clusters,24260,582240,25840,620160,25840,620160,37920,0
wf_text.line_break.decide_quotes,20430,609867,21690,646457,21690,646457,36590,0
wf_font.unicode_props_of,24260,557980,25840,594320,25840,594320,36340,0
wf_layout.measure,66669,138936439,66682,138971746,66682,138971746,35307,0
wf_font.decompose_all,315,527415,325,561165,325,561165,33750,0
wf_layout.flex_final,500,26420,500,58460,500,58460,32040,0
wf_font.unhide_joiners,315,482050,325,513550,325,513550,31500,0
wf_layout.add_row,3620,1249160,3620,1280140,3620,1280140,30980,0
wf_font.next_match,6358,438702,6798,469062,6798,469062,30360,0
wf_font.finish_run,315,450540,325,479420,325,479420,28880,0
wf_layout.add_bytes,1439,445510,1449,472670,1449,472670,27160,0
wf_font.start_buffer,315,418715,325,444965,325,444965,26250,0
wf_layout.text.shape_with,1453,986072,1463,1012172,1463,1012172,26100,0
wf_layout.stationary_paragraph,0,0,2782,24416,2782,24416,24416,0
wf_layout.boundary_rank,0,0,212,23927,212,23927,23927,0
wf_layout.normalize_owner,0,0,210,23835,210,23835,23835,0
wf_layout.splice_moves_total,0,0,324,23712,324,23712,23712,0
wf_layout.flex_publish_first_baseline,0,0,240,22080,240,22080,22080,0
wf_layout.prepare_table,1400,942560,1400,963880,1400,963880,21320,0
wf_layout.lay_out_child,922,84814,790,105926,790,105926,21112,0
wf_layout.encode_reference_item,0,0,376,20830,376,20830,20830,0
wf_layout.grid_row_ascent,0,0,616,20790,616,20790,20790,0
wf_layout.flex_line_cross,0,0,240,20440,240,20440,20440,0
wf_layout.splice_inputs,0,0,134,19682,134,19682,19682,0
wf_font.match_verdict,6358,279752,6798,299112,6798,299112,19360,0
wf_layout.positioned_block,1180,129220,1187,148501,1187,148501,19281,0
wf_layout.text.nominal_px,1021428,212457024,1021520,212476160,1021520,212476160,19136,0
wf_layout.box_metrics,510714,204343837,510760,204362651,510760,204362651,18814,0
wf_layout.grid_column_items_ready,0,0,264,18744,264,18744,18744,0
wf_layout.range_distribute,0,0,388,18624,388,18624,18624,0
wf_layout.splice_sequence_plan,0,0,20,18378,20,18378,18378,0
wf_layout.used_width,12844,1202944,12834,1221088,12834,1221088,18144,0
wf_layout.build_table,1120,459720,1120,477780,1120,477780,18060,0
wf_layout.path_steps,22,5272,66,23238,66,23238,17966,0
wf_layout.encode_reference_block,0,0,169,17914,169,17914,17914,0
wf_layout.install_range_subtree,0,0,72,17498,72,17498,17498,0
wf_layout.range_geometry,0,0,166,17061,166,17061,17061,0
wf_text.line_break.decide_alphabetic_and_emoji_base,15779,284972,16709,301712,16709,301712,16740,0
wf_oracle.support.put_byte,2700,56700,3484,73164,3484,73164,16464,0
wf_layout.record_skipped,0,0,22,16360,22,16360,16360,0
wf_layout.publish_reference_item,0,0,297,16340,297,16340,16340,0
wf_layout.grid_baseline_item,0,0,616,16192,616,16192,16192,0
wf_layout.frontier_clear,0,0,442,15907,442,15907,15907,0
wf_layout.reset_list,184583,6698748,184593,6713908,184593,6713908,15160,0
wf_layout.flex_baseline_member,0,0,680,15080,680,15080,15080,0
wf_layout.encode_reference_child,0,0,149,15035,149,15035,15035,0
wf_layout.specified_width,44964,4091320,45150,4106238,45150,4106238,14918,0
wf_layout.grid_sum_work,0,0,308,13860,308,13860,13860,0
wf_layout.splice_width_stable,0,0,194,13652,194,13652,13652,0
wf_layout.lay_out_replaced,1240,189100,1240,202260,1240,202260,13160,0
wf_layout.splice_context_ready,0,0,148,13152,148,13152,13152,0
wf_layout.range_expose,0,0,629,13046,629,13046,13046,0
wf_layout.slot_geometry,0,0,337,12936,337,12936,12936,0
wf_font.hide_ignorables,315,201955,325,214845,325,214845,12890,0
wf_layout.narrow_beside,1362,58508,1362,70766,1362,70766,12258,0
wf_layout.child_local,0,0,521,12072,521,12072,12072,0
wf_layout.grid_same_layout,0,0,176,11968,176,11968,11968,0
wf_layout.structure_splice,0,0,22,11577,22,11577,11577,0
wf_layout.boundary_output,0,0,257,11565,257,11565,11565,0
wf_layout.previous_stacked_paragraph,0,0,39,11444,39,11444,11444,0
wf_layout.grid_independent_columns,0,0,308,11396,308,11396,11396,0
wf_font.skip_verdict,6358,158950,6798,169950,6798,169950,11000,0
wf_layout.splice_owner,0,0,57,10484,57,10484,10484,0
wf_layout.margin_auto,0,0,176,10384,176,10384,10384,0
wf_layout.range_inherited,0,0,285,10191,285,10191,10191,0
wf_layout.containing_height_proof,0,0,104,9634,104,9634,9634,0
wf_layout.splice_child_entry,0,0,136,8904,136,8904,8904,0
wf_layout.grid_measure_item,176,18832,176,27372,176,27372,8540,0
wf_layout.preview_sequence,0,0,98,8330,98,8330,8330,0
wf_layout.reference_owners_moved_range,0,0,177,7810,177,7810,7810,0
wf_layout.splice_plan_at,0,0,122,7472,122,7472,7472,0
wf_layout.publish_reference_event,0,0,269,7216,269,7216,7216,0
__ceilf_sse41,4160777,12482331,4163120,12489360,4163120,12489360,7029,0
wf_layout.grid_finish_child,176,54340,176,61072,176,61072,6732,0
mprotect,221,1326,1330,7980,1330,7980,6654,0
wf_layout.owner_store_actions,0,0,175,6615,175,6615,6615,0
wf_layout.chain_anchor,26,1854,63,8442,63,8442,6588,0
wf_layout.recompute_boundary_entry,0,0,22,6512,22,6512,6512,0
wf_font.apply_lookups,630,201285,650,207675,650,207675,6390,0
wf_layout.block_width,18236,3084204,18272,3090302,18272,3090302,6098,0
wf_layout.used_height,13824,1126780,13926,1132774,13926,1132774,5994,0
wf_layout.repair_anchored_fragments,0,0,147,5880,147,5880,5880,0
wf_layout.retire_point_geometry,0,0,473,5716,473,5716,5716,0
wf_layout.sizes_ignored,32232,1421876,32368,1427570,32368,1427570,5694,0
wf_layout.text.face_extents,510714,62817822,510760,62823480,510760,62823480,5658,0
wf_layout.range_receive,0,0,16,5594,16,5594,5594,0
wf_layout.fold_payload_actions,0,0,91,5110,91,5110,5110,0
wf_layout.update_in_place,176,33336,147,38312,147,38312,4976,0
wf_layout.same_transfer,0,0,63,4853,63,4853,4853,0
wf_layout.lay_out_grid,44,67540,44,71984,44,71984,4444,0
wf_font.push_planned,3780,139230,3900,143650,3900,143650,4420,0
wf_oracle.layout.put_structure_path,0,0,22,4320,22,4320,4320,0
wf_layout.restack_entry,0,0,147,4284,147,4284,4284,0
wf_font.make_plan,315,134505,325,138775,325,138775,4270,0
wf_layout.update,22,3146,22,7348,22,7348,4202,0
wf_layout.reference_owner_floor,0,0,76,4200,76,4200,4200,0
wf_layout.snapshot_grows,0,0,42,4065,42,4065,4065,0
wf_layout.preview_boundary,0,0,46,4018,46,4018,4018,0
wf_layout.reference_owner_cursor,0,0,120,3970,120,3970,3970,0
wf_layout.block_snapshot,0,0,146,3942,146,3942,3942,0
wf_layout.retire_at,0,0,134,3938,134,3938,3938,0
wf_layout.preceding_float_entries,0,0,2,3894,2,3894,3894,0
wf_layout.reference_owner_output,0,0,63,3591,63,3591,3591,0
wf_layout.settle_open_semantics,0,0,122,3456,122,3456,3456,0
wf_layout.width_limits,39214,3914944,39240,3918327,39240,3918327,3383,0
wf_layout.repair_fragment_range,0,0,147,3381,147,3381,3381,0
wf_layout.range_positioned,0,0,18,3362,18,3362,3362,0
wf_layout.grid_place,66,112464,66,115698,66,115698,3234,0
wf_layout.full_width_lines,8480,522423,8466,525635,8466,525635,3212,0
wf_layout.grid_collect,66,49962,66,53130,66,53130,3168,0
wf_layout.child_position,0,0,67,3149,67,3149,3149,0
wf_layout.place_float,1560,348800,1560,351920,1560,351920,3120,0
wf_layout.stationary_float_reach,0,0,22,3108,22,3108,3108,0
wf_font.apply_subtable,6358,44506,6798,47586,6798,47586,3080,0
wf_layout.install_reference_geometry,0,0,2,2998,2,2998,2998,0
wf_layout.owner_prefix,0,0,80,2980,80,2980,2980,0
wf_layout.capture_reference_block,0,0,57,2945,57,2945,2945,0
wf_layout.grid_fixed_contribution,0,0,44,2904,44,2904,2904,0
wf_layout.grid_mark_baselines,44,8558,44,11396,44,11396,2838,0
wf_layout.build_splice,0,0,10,2760,10,2760,2760,0
wf_layout.contexts_at,0,0,134,2596,134,2596,2596,0
wf_layout.splice_grid_ready,0,0,48,2592,48,2592,2592,0
wf_layout.laid_out_by_position,1206,57136,1252,59712,1252,59712,2576,0
wf_layout.framed_inside,40301,25732538,40314,25735106,40314,25735106,2568,0
wf_layout.probed_reference_bounded,0,0,24,2448,24,2448,2448,0
wf_layout.update_container,284,18954,284,21344,284,21344,2390,0
wf_layout.flex_contribution,160,8320,160,10560,160,10560,2240,0
wf_font.plan_table,630,60795,650,62725,650,62725,1930,0
wf_layout.finish_in_place,130,9660,130,11570,130,11570,1910,0
wf_layout.add_anonymous_row,620,173640,620,175540,620,175540,1900,0
wf_layout.block_measured,0,0,56,1865,56,1865,1865,0
wf_layout.empty_cells_present,0,0,60,1820,60,1820,1820,0
wf_layout.splice_source,0,0,44,1800,44,1800,1800,0
wf_layout.boundary_sequence_update,0,0,22,1782,22,1782,1782,0
wf_layout.text.shaped_empty,43259,3763533,43279,3765273,43279,3765273,1740,0
wf_layout.break_paragraph,40301,5077926,40314,5079564,40314,5079564,1638,0
wf_layout.grid_measure_column,110,14300,110,15840,110,15840,1540,0
wf_layout.prepare_context,0,0,10,1490,10,1490,1490,0
wf_layout.store_height_record,0,0,59,1475,59,1475,1475,0
wf_layout.splice_path_ready,0,0,14,1418,14,1418,1418,0
wf_text.line_break.find_line_breaks,1453,193249,1463,194579,1463,194579,1330,0
wf_layout.grid_store_row,0,0,44,1224,44,1224,1224,0
wf_oracle.layout.apply_structure_edit,22,7480,22,8690,22,8690,1210,0
wf_layout.culled_box,213150,24828990,213160,24830200,213160,24830200,1210,0
wf_font.select_script,630,37800,650,39000,650,39000,1200,0
wf_layout.text.extend_picks,22,1144,44,2288,44,2288,1144,0
wf_layout.text_of,473313,20489345,473338,20490470,473338,20490470,1125,0
wf_layout.boundary_owner_update,0,0,22,1122,22,1122,1122,0
wf_layout.keep_outputs,0,0,22,1056,22,1056,1056,0
wf_layout.close_run,2679,153698,2689,154718,2689,154718,1020,0
wf_layout.motion_range_ready,0,0,22,1012,22,1012,1012,0
wf_layout.rebuild_of,134,5156,134,6164,134,6164,1008,0
wf_layout.propagate_boundary,0,0,22,946,22,946,946,0
wf_layout.reference_floor_output,0,0,20,926,20,926,926,0
wf_layout.resume_open_frames,2,1562,2,2468,2,2468,906,0
wf_layout.copy_retained_paths,0,0,0,0,22,902,902,902
wf_layout.frames_grow,0,0,2,888,2,888,888,0
wf_layout.break_all,9780,861000,9790,861830,9790,861830,830,0
wf_layout.movable_child,68,816,39,1638,39,1638,822,0
wf_layout.add_box_rects,182703,15719235,182709,15720049,182709,15720049,814,0
wf_layout.splice_handle,0,0,32,808,32,808,808,0
wf_layout.text.push_segment,1795,124363,1805,125153,1805,125153,790,0
wf.drop.t.1e81e669fed50b6b,0,0,44,770,44,770,770,0
wf_layout.grid_spread,198,49896,198,50666,198,50666,770,0
wf.drop.t.60f403c8c56c95d4,0,0,44,770,44,770,770,0
wf.drop.t.30df2d1205e1c43c,0,0,44,770,44,770,770,0
wf.drop.t.0b6e52a73b28a27f,0,0,44,770,44,770,770,0
wf_layout.flow_length,0,0,37,703,37,703,703,0
wf_layout.relocate_output,0,0,10,690,10,690,690,0
wf_layout.same_space,0,0,46,690,46,690,690,0
wf_layout.effective_output,0,0,10,680,10,680,680,0
wf_layout.splice_sibling_ready,0,0,2,672,2,672,672,0
wf_layout.boundary_path_ready,0,0,22,660,22,660,660,0
wf_layout.intrinsic_grid,22,9394,22,10054,22,10054,660,0
wf_swap<all>,0,0,22,616,22,616,616,0
wf_layout.add_column_fragments,1120,111840,1120,112420,1120,112420,580,0
__floorf_sse41,2043156,6129468,2043340,6130020,2043340,6130020,552,0
wf_layout.splice_boundary,0,0,20,530,20,530,530,0
wf_layout.add_inside_marker,28335,1303410,28345,1303870,28345,1303870,460,0
wf_layout.settle_open,2,740,2,1180,2,1180,440,0
wf_layout.splice_payload,0,0,10,440,10,440,440,0
wf_layout.valign_shift,215090,8598125,215100,8598559,215100,8598559,434,0
wf_layout.publish_reference_ranges,0,0,2,424,2,424,424,0
wf_layout.stash_inlines,18173,745093,18183,745503,18183,745503,410,0
wf_layout.grid_arrange,66,4224,66,4620,66,4620,396,0
wf_layout.build_item_children,240,124820,240,125200,240,125200,380,0
wf_layout.owner_shift_outputs,0,0,91,364,91,364,364,0
wf_layout.splice_sibling_frontier,0,0,2,350,2,350,350,0
wf.drop.t.3a9ed95ca723c8bb,0,0,42,346,42,346,346,0
wf_layout.leading_cut,60241,602210,60275,602550,60275,602550,340,0
wf_font.fraction_masks,315,9765,325,10075,325,10075,310,0
wf_layout.open_splits,18173,472498,18183,472758,18183,472758,260,0
wf_layout.translatable_fragments,46,668,39,897,39,897,229,0
wf_font.normalize,315,6930,325,7150,325,7150,220,0
wf_layout.merge_runs,2673,57151,2683,57361,2683,57361,210,0
wf_font.required_stage,945,6300,975,6500,975,6500,200,0
wf_layout.offset_of,43410,334090,43436,334285,43436,334285,195,0
wf_layout.restore_inlines,18173,327114,18183,327294,18183,327294,180,0
wf_layout.move_positioned_anchor,0,0,2,168,2,168,168,0
wf_layout.multicol,20033,280462,20045,280630,20045,280630,168,0
wf_layout.outward_motion_ready,0,0,2,146,2,146,146,0
wf_layout.sequence_motion_ready,0,0,2,144,2,144,144,0
wf_layout.splice_payload_y,0,0,10,130,10,130,130,0
wf_layout.forget_splice_points,0,0,10,130,10,130,130,0
wf_layout.image_natural,196765,2594940,196775,2595060,196775,2595060,120,0
wf_layout.extend_line,228510,2056590,228520,2056680,228520,2056680,90,0
wf_layout.fragment_columns,40,235840,40,235920,40,235920,80,0
wf_layout.splice_block_path,0,0,2,76,2,76,76,0
wf_layout.box_of,0,0,2,70,2,70,70,0
wf_layout.preview_owner,0,0,2,62,2,62,62,0
wf_layout.leave_scope,212183,3467768,212193,3467828,212193,3467828,60,0
wf_layout.owner_stationary_reach,0,0,2,52,2,52,52,0
wf_layout.grid_size,132,51392,132,51436,132,51436,44,0
wf_layout.unused_style,0,0,22,44,22,44,44,0
wf_layout.owner_motion_ready,0,0,2,42,2,42,42,0
wf_layout.block_boundary,0,0,2,40,2,40,40,0
wf_layout.outside_marker,18173,636372,18183,636412,18183,636412,40,0
wf_layout.translate_reference_suffix,0,0,2,34,2,34,34,0
wf_oracle.layout.finish_style_edit,22,13784,22,13804,22,13804,20,0
wf_style.structure_restyle,22,10043,22,10043,22,10043,0,0
wf_style.gather_declared,481,414622,481,414622,481,414622,0,0
wf_style.side_keys,176,711810,176,711810,176,711810,0,0
wf_layout.grow_min_columns,620,25280,620,25280,620,25280,0,0
wf_layout.flex_resolve,240,143840,240,143840,240,143840,0,0
wf_layout.flex_align_cross,240,37920,240,37920,240,37920,0,0
__floor_sse41,100,300,100,300,100,300,0,0
wf_layout.grid_model_new,66,4884,66,4884,66,4884,0,0
wf_css.selectors.instr_matches,2881,174548,2881,174548,2881,174548,0,0
wf_css.values.resolve,100,3700,100,3700,100,3700,0,0
wf_layout.flex_build_lines,240,31060,240,31060,240,31060,0,0
wf_style.hash_size_group,481,230880,481,230880,481,230880,0,0
wf_css.values.expand_border,504,384300,504,384300,504,384300,0,0
wf_style.counter_id,1443,5772,1443,5772,1443,5772,0,0
wf_style.grow_rows,11,11440,11,11440,11,11440,0,0
wf_layout.grow_columns,680,51980,680,51980,680,51980,0,0
wf_css.syntax.decode_utf8,15318,91908,15318,91908,15318,91908,0,0
wf_css.selectors.class_records,190,6270,190,6270,190,6270,0,0
wf_style.inherit_element,481,99581,481,99581,481,99581,0,0
wf_style.sizing_reset,9139,153998,9139,153998,9139,153998,0,0
wf_css.color.next_lead,1312,52480,1312,52480,1312,52480,0,0
wf_css.values.length_at,504,31248,504,31248,504,31248,0,0
wf_style.intern_background_group,66,72517,66,72517,66,72517,0,0
wf_css.selectors.nth_scan,2,240,2,240,2,240,0,0
wf_oracle.support.put_decimal,88,7720,88,7720,88,7720,0,0
wf_css.syntax.consume_ident_sequence,1664,359250,1664,359250,1664,359250,0,0
wf_style.declared_color,424,9092,424,9092,424,9092,0,0
wf_css.syntax.push_within<all>,10526,312674,10526,312674,10526,312674,0,0
wf_layout.collapse_borders,740,1157280,740,1157280,740,1157280,0,0
wf_css.color.parse_hex_color,656,87664,656,87664,656,87664,0,0
wf_layout.zeros_cols,1400,69440,1400,69440,1400,69440,0,0
wf_style.index_background_group,66,3713,66,3713,66,3713,0,0
wf_style.construction_same,13,377,13,377,13,377,0,0
wf_std.time.now,132,2112,132,2112,132,2112,0,0
wf_style.new_depth,11,253,11,253,11,253,0,0
wf_layout.flex_align_main,240,61640,240,61640,240,61640,0,0
wf_style.same_inherited,481,56112,481,56112,481,56112,0,0
wf_style.block_end_at,1312,15744,1312,15744,1312,15744,0,0
wf_style.word_intern,1924,462818,1924,462818,1924,462818,0,0
wf_style.put_sizing,1924,69264,1924,69264,1924,69264,0,0
wf_style.intern_text_group,66,38913,66,38913,66,38913,0,0
wf_style.put_lp,1924,92352,1924,92352,1924,92352,0,0
wf_css.values.put_value,6146,86044,6146,86044,6146,86044,0,0
wf_css.selectors.backtrack,246,12320,246,12320,246,12320,0,0
wf_layout.distribute_auto,1120,576540,1120,576540,1120,576540,0,0
wf_style.subtree_elements,22,3520,22,3520,22,3520,0,0
wf_style.restyle,22,23493,22,23493,22,23493,0,0
wf_layout.same_point,22,362,22,362,22,362,0,0
wf_style.resolve_named,100,12800,100,12800,100,12800,0,0
wf_style.stored_node,1443,317460,1443,317460,1443,317460,0,0
wf_layout.live_context,0,0,1022560,7609690,0,0,0,-7609690
wf_css.syntax.push_code_point,7350,154350,7350,154350,7350,154350,0,0
wf_style.same_spacing_group,1067,76714,1067,76714,1067,76714,0,0
wf_style.quote_id,481,1924,481,1924,481,1924,0,0
wf_css.syntax.consume_number,504,50904,504,50904,504,50904,0,0
wf_css.values.length_value,504,13104,504,13104,504,13104,0,0
wf_style.index_font_group,66,5478,66,5478,66,5478,0,0
wf_style.initial_text,481,13468,481,13468,481,13468,0,0
wf_style.index_text_group,66,5766,66,5766,66,5766,0,0
wf_style.visit_child,310,118444,310,118444,310,118444,0,0
wf_layout.zeros_i64,4760,314600,4760,314600,4760,314600,0,0
wf_layout.measure_columns,1400,1320500,1400,1320500,1400,1320500,0,0
wf_layout.grow_tracks,20,80,20,80,20,80,0,0
wf_layout.walk_point,25524,1931868,25524,1931868,25524,1931868,0,0
wf_style.rule_packed,1689,80671,1689,80671,1689,80671,0,0
wf_css.selectors.children_changed,22,52653,22,52653,22,52653,0,0
wf_css.selectors.element_features,1650,939494,1650,939494,1650,939494,0,0
wf_style.area_id,481,9139,481,9139,481,9139,0,0
wf_style.canon_sets,66,5874,66,5874,66,5874,0,0
wf_css.color.parse_color,656,35424,656,35424,656,35424,0,0
wf_style.reset_node,481,86099,481,86099,481,86099,0,0
wf_css.color.classify_component,656,10496,656,10496,656,10496,0,0
wf_style.emit,14766,312376,14766,312376,14766,312376,0,0
wf_style.custom_set,55,3520,55,3520,55,3520,0,0
wf_style.hash_border_group,481,189995,481,189995,481,189995,0,0
wf_css.values.put<all>,6146,204740,6146,204740,6146,204740,0,0
wf_style.intern_size_group,66,51419,66,51419,66,51419,0,0
wf_layout.grid_build_tracks,110,28930,110,28930,110,28930,0,0
wf_style.copy_families,22,550,22,550,22,550,0,0
wf_css.color.hex_rgba,656,113488,656,113488,656,113488,0,0
wf_layout.reset_paragraph,2673,566676,2673,566676,2673,566676,0,0
wf_style.content_id,481,1924,481,1924,481,1924,0,0
wf_style.grow_seeded<all>,297,12012,297,12012,297,12012,0,0
wf_css.values.color_value,656,23616,656,23616,656,23616,0,0
wf_css.values.unit_lengths,504,51408,504,51408,504,51408,0,0
wf_style.collect_customs,55,12173,55,12173,55,12173,0,0
wf_style.intern_item_group,66,146084,66,146084,66,146084,0,0
wf_style.font_size_of,481,12587,481,12587,481,12587,0,0
wf_style.store_node,481,37037,481,37037,481,37037,0,0
wf_layout.end_inline,187690,8070670,187690,8070670,187690,8070670,0,0
wf_layout.format_counter,2480,729120,2480,729120,2480,729120,0,0
wf_layout.restore_point,22,660,22,660,22,660,0,0
wf_layout.grid_expand_definite,44,6908,44,6908,44,6908,0,0
wf_css.syntax.would_start_identifier,1664,68624,1664,68624,1664,68624,0,0
wf_style.reset_second,481,380471,481,380471,481,380471,0,0
wf_style.same_border_group,481,46657,481,46657,481,46657,0,0
wf_css.syntax.consume_hash,656,54304,656,54304,656,54304,0,0
wf_style.pseudo_nodes,547,12034,547,12034,547,12034,0,0
wf_css.selectors.context_filter,22,10626,22,10626,22,10626,0,0
wf_base.atom.atom_find,22,3806,22,3806,22,3806,0,0
wf_style.element_keys,700,164904,700,164904,700,164904,0,0
wf_css.selectors.match_complex,2450,197986,2450,197986,2450,197986,0,0
wf_layout.grid_position,88,10780,88,10780,88,10780,0,0
wf_layout.copy_point,66,2832,66,2832,66,2832,0,0
wf_layout.intrinsic_table,280,68280,280,68280,280,68280,0,0
wf_style.resolve_stored,481,379990,481,379990,481,379990,0,0
wf_layout.flex_place_lines,240,11480,240,11480,240,11480,0,0
wf_css.values.parse_pending,556,210492,556,210492,556,210492,0,0
wf_css.values.grammar_of,808,22864,808,22864,808,22864,0,0
wf_css.values.expand,656,47702,656,47702,656,47702,0,0
wf_css.values.expansion_new,656,50512,656,50512,656,50512,0,0
wf_css.syntax.consume_component,3984,194560,3984,194560,3984,194560,0,0
wf_style.metrics_for,481,236507,481,236507,481,236507,0,0
wf_style.test_rule,2460,149035,2460,149035,2460,149035,0,0
wf_css.values.single_value,656,39032,656,39032,656,39032,0,0
wf_layout.add_item_pseudo,480,157960,480,157960,480,157960,0,0
wf_layout.push_alpha,2480,240560,2480,240560,2480,240560,0,0
wf_css.selectors.instr_specificity,280,6720,280,6720,280,6720,0,0
wf_style.same_size_group,481,101972,481,101972,481,101972,0,0
wf_layout.grid_track_from,286,30096,286,30096,286,30096,0,0
wf_style.pseudo_bits,55,48290,55,48290,55,48290,0,0
wf_css.selectors.alternative_specificity,1689,115410,1689,115410,1689,115410,0,0
wf_layout.column_totals,1400,170000,1400,170000,1400,170000,0,0
wf_style.intern_box_group,66,66745,66,66745,66,66745,0,0
wf_style.compute_node,481,314868,481,314868,481,314868,0,0
wf_style.emit_component,2016,99792,2016,99792,2016,99792,0,0
wf_style.restyle_level,66,161713,66,161713,66,161713,0,0
wf_layout.grid_track_at,286,14300,286,14300,286,14300,0,0
wf_style.reset_element,481,614267,481,614267,481,614267,0,0
wf_layout.excess_weights,200,54600,200,54600,200,54600,0,0
wf_layout.breaks_shaping,18,826,18,826,18,826,0,0
wf_style.declared_inherited,8177,564213,8177,564213,8177,564213,0,0
wf_style.plain_resolved,556,70056,556,70056,556,70056,0,0
wf_layout.flex_gather,240,19340,240,19340,240,19340,0,0
wf_layout.grid_spot,528,37488,528,37488,528,37488,0,0
wf_style.index_box_group,66,5478,66,5478,66,5478,0,0
wf_layout.zeros_edges,1400,175660,1400,175660,1400,175660,0,0
wf_layout.apply_group_heights,1120,256360,1120,256360,1120,256360,0,0
wf_layout.same_piece,592620,11463260,592620,11463260,592620,11463260,0,0
wf_style.intern_spacing_group,66,56029,66,56029,66,56029,0,0
wf_css.selectors.element_filter,110,52602,110,52602,110,52602,0,0
wf_layout.filled_i32,17720,1714600,17720,1714600,17720,1714600,0,0
wf_layout.span_percent,620,6260,620,6260,620,6260,0,0
wf_css.values.merge_side,100,3800,100,3800,100,3800,0,0
wf_layout.count_marked,14914,433718,14914,433718,14914,433718,0,0
wf_layout.flex_basis_width,160,6560,160,6560,160,6560,0,0
wf_style.index_border_group,66,4141,66,4141,66,4141,0,0
wf_css.selectors.bytes_eq,2,8,2,8,2,8,0,0
wf_style.push<all>,319,8305,319,8305,319,8305,0,0
wf_style.intern_content_group,66,102506,66,102506,66,102506,0,0
wf_style.intern_nodes,66,219790,66,219790,66,219790,0,0
wf_css.selectors.find_attribute,572,22280,572,22280,572,22280,0,0
wf_style.layout_same,13,260,13,260,13,260,0,0
clock_gettime@@GLIBC_2.17,132,1452,132,1452,132,1452,0,0
wf_css.values.declaration_store_new,656,195488,656,195488,656,195488,0,0
wf_style.test_classes,12,8250,12,8250,12,8250,0,0
wf_style.intern_font_group,66,91488,66,91488,66,91488,0,0
wf_style.has_class_word,3500,866172,3500,866172,3500,866172,0,0
wf_style.same_text_group,962,102829,962,102829,962,102829,0,0
wf_style.substitute_var,656,518118,656,518118,656,518118,0,0
wf_style.put_line,1924,89428,1924,89428,1924,89428,0,0
wf_style.match_indexed,165,105937,165,105937,165,105937,0,0
wf_style.intern_container_group,66,223468,66,223468,66,223468,0,0
wf_style.index_size_group,66,5818,66,5818,66,5818,0,0
wf_layout.grid_line_index,1056,78496,1056,78496,1056,78496,0,0
wf_style.match_element,55,3750,55,3750,55,3750,0,0
wf_style.hash_text_group,481,128908,481,128908,481,128908,0,0
wf_layout.grid_def,132,16500,132,16500,132,16500,0,0
wf_css.selectors.complex_specificity,229,22957,229,22957,229,22957,0,0
wf_layout.same_shaping,6,954,6,954,6,954,0,0
wf_style.hash_spacing_group,481,159211,481,159211,481,159211,0,0
wf_css.syntax.consume_numeric_token,504,36792,504,36792,504,36792,0,0
wf_text.line_break.decide_regional_and_emoji_modifier,22,264,22,264,22,264,0,0
wf_style.substitute,656,169120,656,169120,656,169120,0,0
wf_css.selectors.parent_of,86,1290,86,1290,86,1290,0,0
wf_style.substitute_pending,656,55760,656,55760,656,55760,0,0
wf_layout.grid_item_space,352,66528,352,66528,352,66528,0,0
wf_style.applied_value,37037,2577797,37037,2577797,37037,2577797,0,0
wf_layout.side_edges,4080,748320,4080,748320,4080,748320,0,0
wf_style.rematch_node,55,5775,55,5775,55,5775,0,0
wf_css.syntax.consume_ident_like,504,25200,504,25200,504,25200,0,0
wf_style.intern_values,66,87927,66,87927,66,87927,0,0
wf_style.grow_filled<all>,77,3201,77,3201,77,3201,0,0
wf_css.values.parse_pending_named,100,39400,100,39400,100,39400,0,0
wf_css.syntax.parse_component_values,656,36080,656,36080,656,36080,0,0
wf_style.intern_table_group,66,60492,66,60492,66,60492,0,0
wf_base.atom.lookup,656,133480,656,133480,656,133480,0,0
wf_style.element_children,55,27671,55,27671,55,27671,0,0
wf_css.syntax.consume_component_values,656,201344,656,201344,656,201344,0,0
wf_style.inherited_declared,10101,400386,10101,400386,10101,400386,0,0
wf_style.line_height_of,481,7391,481,7391,481,7391,0,0
wf_style.intern_border_group,66,40705,66,40705,66,40705,0,0
wf_layout.span_attribute,15800,1091840,15800,1091840,15800,1091840,0,0
wf_style.border_spacing_of,481,5926,481,5926,481,5926,0,0
wf_layout.measure_cells,1400,2357160,1400,2357160,1400,2357160,0,0
wf_oracle.layout.structure_flags,22,258637,22,258637,22,258637,0,0
wf_style.structural_restyle,22,136002,22,136002,22,136002,0,0
wf_style.new_parent_slot,11,209,11,209,11,209,0,0
wf_css.selectors.previous_element_sibling,2,48,2,48,2,48,0,0
wf_css.values.word_at,656,11152,656,11152,656,11152,0,0
wf_layout.distribute_span,620,133760,620,133760,620,133760,0,0
wf_layout.table_width,1120,153160,1120,153160,1120,153160,0,0
wf_style.index_spacing_group,66,6468,66,6468,66,6468,0,0
wf_box_slots_new<all>,99,3190,97,3126,97,3126,-64,0
wf_layout.add_quote,40,4240,40,4160,40,4160,-80,0
wf_layout.blocks_grow,44,1782,37,1661,37,1661,-121,0
wf_layout.resume_float_state,2,6668,2,6488,2,6488,-180,0
wf_layout.flex_collect,240,42060,240,41800,240,41800,-260,0
wf_layout.grid_spread_flex,132,13486,132,13156,132,13156,-330,0
wf_layout.block_relative_offset,144,6024,144,5682,144,5682,-342,0
wf_layout.grid_shim_baselines,44,5632,44,5280,44,5280,-352,0
wf_layout.place_rebuilt,134,5868,134,5480,134,5480,-388,0
wf_layout.intrinsic_flex,40,13200,40,12520,40,12520,-680,0
wf_layout.entry_kind,66,924,0,0,0,0,-924,0
wf_layout.reset_marked_children,2780,69500,2736,68130,2736,68130,-1370,0
wf_layout.prepare_paragraph,2673,529763,2683,528374,2683,528374,-1389,0
wf_layout.marked_children_state,2780,166016,2736,163590,2736,163590,-2426,0
wf_layout.build_alt,300,67340,300,64340,300,64340,-3000,0
wf_layout.grid_expand_intrinsic,88,25916,88,22572,88,22572,-3344,0
wf_layout.sort_keys,12384,247680,12212,244240,12212,244240,-3440,0
wf_layout.add_object,1940,157140,1940,153260,1940,153260,-3880,0
wf_layout.block_grows,54,5164,0,0,0,0,-5164,0
wf_layout.split_keys,12384,482976,12212,476268,12212,476268,-6708,0
wf_layout.restack_flow,46,21594,39,13177,39,13177,-8417,0
wf_layout.grid_percent_height,176,8448,0,0,0,0,-8448,0
wf_layout.translate_after,2,12534,0,0,0,0,-12534,0
wf_layout.walk_run,620,107060,620,94040,620,94040,-13020,0
wf_layout.later_floors,2,21382,0,0,0,0,-21382,0
__memset_avx2_unaligned_erms,731898,99303346,756985,99271494,756985,99271494,-31852,0
wf_layout.add_child_flow,4600,269394,4600,220800,4600,220800,-48594,0
wf_layout.build_box_body,12762,1950656,12762,1818550,12762,1818550,-132106,0
wf_layout.begin_inline,160710,10285440,160710,10124730,160710,10124730,-160710,0
wf_layout.add_content,28100,3660400,28100,3361480,28100,3361480,-298920,0
wf_layout.shift_cell,7560,315820,0,0,0,0,-315820,0
wf_layout.measure_rows,1120,2712920,1120,2374400,1120,2374400,-338520,0
wf_layout.walk_children,189045,30980208,189055,30603378,189055,30603378,-376830,0
wf_layout.position_child,1206,490502,0,0,0,0,-490502,0
wf_layout.clear_tree_marks,12140,491940,0,0,0,0,-491940,0
wf_layout.split_closings,12384,544416,0,0,0,0,-544416,0
wf_grow<all>,21446,1074312,8139,413242,8139,413242,-661070,0
wf_layout.intrinsic_sizes,5354,763834,0,0,0,0,-763834,0
wf_layout.empty_inline_fragments,16500,802340,0,0,0,0,-802340,0
wf_layout.push_or_fail<all>,36346,890508,0,0,0,0,-890508,0
wf_layout.fill_serials,24486,1064074,0,0,0,0,-1064074,0
wf_layout.reuse_prepared,14802,10379471,14802,9291933,14802,9291933,-1087538,0
wf_layout.prepare_naturals,12430,1493298,0,0,0,0,-1493298,0
wf_layout.split_fragments_with_empty,12384,2638676,0,0,0,0,-2638676,0
wf_layout.finish_lines,40301,987556012,40314,984333224,40314,984333224,-3222788,0
wf_layout.position_out_with,20228,3373220,0,0,0,0,-3373220,0
wf_layout.structure_changed,22,17209513,22,30836630,22,13716791,-3492722,-17119839
wf_layout.update_flow,2780,4063361,0,0,0,0,-4063361,0
wf_box_array_filled<all>,66,4413918,20,2276,20,2276,-4411642,0
wf_layout.record_uses,24486,26504148,14802,20962654,14802,20962654,-5541494,0
wf_layout.record_tree,24486,12378113,14802,1909374,14802,1909374,-10468739,0
wf_layout.take_prepared,35242,39264204,35242,23025756,35242,23025756,-16238448,0
