cohort,control,page,kind,mode,round,scope,median_us,main_us,ratio,limit,accepted
before,main,ecma262,word,seq,1,all-edits,100.0,90.5,1.1049723756906078,2,True
beforetwin,maintwin,ecma262,word,seq,1,all-edits,97.0,92.5,1.0486486486486486,2,True
candidate,main,ecma262,word,seq,1,all-edits,97.5,90.5,1.0773480662983426,2,True
candidatetwin,maintwin,ecma262,word,seq,1,all-edits,97.5,92.5,1.054054054054054,2,True
before,main,ecma262,word,par,1,all-edits,163.0,147.5,1.1050847457627118,2,True
beforetwin,maintwin,ecma262,word,par,1,all-edits,161.0,154.0,1.0454545454545454,2,True
candidate,main,ecma262,word,par,1,all-edits,165.5,147.5,1.1220338983050848,2,True
candidatetwin,maintwin,ecma262,word,par,1,all-edits,175.5,154.0,1.1396103896103895,2,True
before,main,ecma262,sentence,seq,1,all-edits,127.5,215.0,0.5930232558139535,2,True
beforetwin,maintwin,ecma262,sentence,seq,1,all-edits,137.5,217.0,0.6336405529953917,2,True
candidate,main,ecma262,sentence,seq,1,all-edits,134.0,215.0,0.6232558139534884,2,True
candidatetwin,maintwin,ecma262,sentence,seq,1,all-edits,128.0,217.0,0.5898617511520737,2,True
before,main,ecma262,sentence,par,1,all-edits,201.0,288.0,0.6979166666666666,2,True
beforetwin,maintwin,ecma262,sentence,par,1,all-edits,210.0,300.5,0.6988352745424293,2,True
candidate,main,ecma262,sentence,par,1,all-edits,198.5,288.0,0.6892361111111112,2,True
candidatetwin,maintwin,ecma262,sentence,par,1,all-edits,216.5,300.5,0.7204658901830283,2,True
before,main,ecma262,colour,seq,1,all-edits,15.0,15.0,1.0,2,True
beforetwin,maintwin,ecma262,colour,seq,1,all-edits,16.0,14.5,1.103448275862069,2,True
candidate,main,ecma262,colour,seq,1,all-edits,14.0,15.0,0.9333333333333333,2,True
candidatetwin,maintwin,ecma262,colour,seq,1,all-edits,14.5,14.5,1.0,2,True
before,main,ecma262,colour,par,1,all-edits,20.0,19.0,1.0526315789473684,2,True
beforetwin,maintwin,ecma262,colour,par,1,all-edits,22.5,19.5,1.1538461538461537,2,True
candidate,main,ecma262,colour,par,1,all-edits,23.5,19.0,1.236842105263158,2,True
candidatetwin,maintwin,ecma262,colour,par,1,all-edits,22.0,19.5,1.1282051282051282,2,True
before,main,ecma262,fontsize,seq,1,all-edits,947.5,1618.5,0.5854185974667903,2,True
beforetwin,maintwin,ecma262,fontsize,seq,1,all-edits,938.5,1692.5,0.5545051698670606,2,True
candidate,main,ecma262,fontsize,seq,1,all-edits,1040.0,1618.5,0.642570281124498,2,True
candidatetwin,maintwin,ecma262,fontsize,seq,1,all-edits,934.0,1692.5,0.5518463810930576,2,True
before,main,ecma262,fontsize,par,1,all-edits,1363.5,2169.5,0.6284858262272413,2,True
beforetwin,maintwin,ecma262,fontsize,par,1,all-edits,1411.0,2075.5,0.6798361840520356,2,True
candidate,main,ecma262,fontsize,par,1,all-edits,1371.0,2169.5,0.6319428439732657,2,True
candidatetwin,maintwin,ecma262,fontsize,par,1,all-edits,1377.5,2075.5,0.663695495061431,2,True
before,main,ecma262,rootfont,seq,1,all-edits,3891.0,34152.5,0.11393016616645926,2,True
beforetwin,maintwin,ecma262,rootfont,seq,1,all-edits,3976.5,34106.0,0.11659238843605231,2,True
candidate,main,ecma262,rootfont,seq,1,all-edits,4134.0,34152.5,0.12104531147060976,2,True
candidatetwin,maintwin,ecma262,rootfont,seq,1,all-edits,4039.0,34106.0,0.11842491057291972,2,True
before,main,ecma262,rootfont,par,1,all-edits,4809.5,54675.0,0.0879652491998171,2,True
beforetwin,maintwin,ecma262,rootfont,par,1,all-edits,4862.5,53566.0,0.09077586528768249,2,True
candidate,main,ecma262,rootfont,par,1,all-edits,4986.5,54675.0,0.09120256058527663,2,True
candidatetwin,maintwin,ecma262,rootfont,par,1,all-edits,4677.0,53566.0,0.08731284770190045,2,True
before,main,ecma262,block,seq,1,all-edits,145.0,506302.0,0.00028639033620250364,2,True
beforetwin,maintwin,ecma262,block,seq,1,all-edits,146.0,500368.5,0.0002917849544885419,2,True
candidate,main,ecma262,block,seq,1,all-edits,148.0,506302.0,0.0002923156535032451,2,True
candidatetwin,maintwin,ecma262,block,seq,1,all-edits,155.5,500368.5,0.00031077096180115254,2,True
before,main,ecma262,block,par,1,all-edits,211.5,450217.5,0.00046977294307751254,2,True
beforetwin,maintwin,ecma262,block,par,1,all-edits,221.5,460919.0,0.0004805616605086794,2,True
candidate,main,ecma262,block,par,1,all-edits,212.5,450217.5,0.0004719940917445457,2,True
candidatetwin,maintwin,ecma262,block,par,1,all-edits,214.0,460919.0,0.00046428982098806947,2,True
before,main,html5,word,seq,1,all-edits,76.0,66.5,1.1428571428571428,2,True
beforetwin,maintwin,html5,word,seq,1,all-edits,78.0,66.5,1.1729323308270676,2,True
candidate,main,html5,word,seq,1,all-edits,77.0,66.5,1.1578947368421053,2,True
candidatetwin,maintwin,html5,word,seq,1,all-edits,75.0,66.5,1.1278195488721805,2,True
before,main,html5,word,par,1,all-edits,122.5,115.5,1.0606060606060606,2,True
beforetwin,maintwin,html5,word,par,1,all-edits,123.5,112.5,1.0977777777777777,2,True
candidate,main,html5,word,par,1,all-edits,122.5,115.5,1.0606060606060606,2,True
candidatetwin,maintwin,html5,word,par,1,all-edits,122.0,112.5,1.0844444444444445,2,True
before,main,html5,sentence,seq,1,all-edits,266.0,202.0,1.316831683168317,2,True
beforetwin,maintwin,html5,sentence,seq,1,all-edits,270.0,202.5,1.3333333333333333,2,True
candidate,main,html5,sentence,seq,1,all-edits,272.0,202.0,1.3465346534653466,2,True
candidatetwin,maintwin,html5,sentence,seq,1,all-edits,259.5,202.5,1.2814814814814814,2,True
before,main,html5,sentence,par,1,all-edits,302.0,304.5,0.9917898193760263,2,True
beforetwin,maintwin,html5,sentence,par,1,all-edits,325.0,312.5,1.04,2,True
candidate,main,html5,sentence,par,1,all-edits,317.0,304.5,1.0410509031198687,2,True
candidatetwin,maintwin,html5,sentence,par,1,all-edits,319.5,312.5,1.0224,2,True
before,main,html5,colour,seq,1,all-edits,14.5,15.0,0.9666666666666667,2,True
beforetwin,maintwin,html5,colour,seq,1,all-edits,15.0,14.5,1.0344827586206897,2,True
candidate,main,html5,colour,seq,1,all-edits,15.0,15.0,1.0,2,True
candidatetwin,maintwin,html5,colour,seq,1,all-edits,15.0,14.5,1.0344827586206897,2,True
before,main,html5,colour,par,1,all-edits,26.5,25.5,1.0392156862745099,2,True
beforetwin,maintwin,html5,colour,par,1,all-edits,28.5,23.0,1.2391304347826086,2,True
candidate,main,html5,colour,par,1,all-edits,26.5,25.5,1.0392156862745099,2,True
candidatetwin,maintwin,html5,colour,par,1,all-edits,25.0,23.0,1.0869565217391304,2,True
before,main,html5,fontsize,seq,1,all-edits,1033.5,772.5,1.337864077669903,2,True
beforetwin,maintwin,html5,fontsize,seq,1,all-edits,1018.0,768.5,1.324658425504229,2,True
candidate,main,html5,fontsize,seq,1,all-edits,1024.5,772.5,1.3262135922330096,2,True
candidatetwin,maintwin,html5,fontsize,seq,1,all-edits,1027.5,768.5,1.3370201691607027,2,True
before,main,html5,fontsize,par,1,all-edits,1468.0,821.0,1.7880633373934227,2,True
beforetwin,maintwin,html5,fontsize,par,1,all-edits,1459.0,841.0,1.7348394768133175,2,True
candidate,main,html5,fontsize,par,1,all-edits,1389.0,821.0,1.6918392204628503,2,True
candidatetwin,maintwin,html5,fontsize,par,1,all-edits,1379.5,841.0,1.640309155766944,2,True
before,main,html5,rootfont,seq,1,all-edits,1085667.5,898857.0,1.207831167805335,2,True
beforetwin,maintwin,html5,rootfont,seq,1,all-edits,1083737.5,901581.0,1.2020411920836842,2,True
candidate,main,html5,rootfont,seq,1,all-edits,1083326.0,898857.0,1.2052261928204375,2,True
candidatetwin,maintwin,html5,rootfont,seq,1,all-edits,1083521.5,901581.0,1.2018016129443723,2,True
before,main,html5,rootfont,par,1,all-edits,684059.5,542836.0,1.2601586851277367,2,True
beforetwin,maintwin,html5,rootfont,par,1,all-edits,685952.5,544193.0,1.2604948979498083,2,True
candidate,main,html5,rootfont,par,1,all-edits,689231.0,542836.0,1.2696855035406642,2,True
candidatetwin,maintwin,html5,rootfont,par,1,all-edits,688024.5,544193.0,1.2643023706662893,2,True
before,main,html5,block,seq,1,all-edits,447.0,482217.5,0.0009269676027933453,2,True
beforetwin,maintwin,html5,block,seq,1,all-edits,456.5,477251.5,0.0009565187327855439,2,True
candidate,main,html5,block,seq,1,all-edits,450.0,482217.5,0.0009331888618724953,2,True
candidatetwin,maintwin,html5,block,seq,1,all-edits,448.5,477251.5,0.0009397560824848114,2,True
before,main,html5,block,par,1,all-edits,439.5,435768.5,0.0010085630328947595,2,True
beforetwin,maintwin,html5,block,par,1,all-edits,441.0,436333.0,0.0010106959592788077,2,True
candidate,main,html5,block,par,1,all-edits,440.5,435768.5,0.0010108578293291047,2,True
candidatetwin,maintwin,html5,block,par,1,all-edits,432.5,436333.0,0.0009912154249162909,2,True
before,main,apollo11,word,seq,1,all-edits,221.5,199.5,1.1102756892230576,2,True
beforetwin,maintwin,apollo11,word,seq,1,all-edits,226.0,198.5,1.1385390428211586,2,True
candidate,main,apollo11,word,seq,1,all-edits,221.5,199.5,1.1102756892230576,2,True
candidatetwin,maintwin,apollo11,word,seq,1,all-edits,228.5,198.5,1.151133501259446,2,True
before,main,apollo11,word,par,1,all-edits,387.5,340.5,1.1380323054331865,2,True
beforetwin,maintwin,apollo11,word,par,1,all-edits,380.5,343.0,1.1093294460641399,2,True
candidate,main,apollo11,word,par,1,all-edits,383.0,340.5,1.1248164464023496,2,True
candidatetwin,maintwin,apollo11,word,par,1,all-edits,380.5,343.0,1.1093294460641399,2,True
before,main,apollo11,sentence,seq,1,all-edits,303.0,235.5,1.286624203821656,2,True
beforetwin,maintwin,apollo11,sentence,seq,1,all-edits,307.5,232.5,1.3225806451612903,2,True
candidate,main,apollo11,sentence,seq,1,all-edits,304.0,235.5,1.2908704883227176,2,True
candidatetwin,maintwin,apollo11,sentence,seq,1,all-edits,314.5,232.5,1.3526881720430108,2,True
before,main,apollo11,sentence,par,1,all-edits,558.0,400.5,1.3932584269662922,2,True
beforetwin,maintwin,apollo11,sentence,par,1,all-edits,567.5,411.5,1.37910085054678,2,True
candidate,main,apollo11,sentence,par,1,all-edits,555.5,400.5,1.387016229712859,2,True
candidatetwin,maintwin,apollo11,sentence,par,1,all-edits,562.0,411.5,1.3657351154313486,2,True
before,main,apollo11,colour,seq,1,all-edits,24.5,25.0,0.98,2,True
beforetwin,maintwin,apollo11,colour,seq,1,all-edits,24.5,24.0,1.0208333333333333,2,True
candidate,main,apollo11,colour,seq,1,all-edits,25.0,25.0,1.0,2,True
candidatetwin,maintwin,apollo11,colour,seq,1,all-edits,25.0,24.0,1.0416666666666667,2,True
before,main,apollo11,colour,par,1,all-edits,43.0,35.0,1.2285714285714286,2,True
beforetwin,maintwin,apollo11,colour,par,1,all-edits,42.0,37.5,1.12,2,True
candidate,main,apollo11,colour,par,1,all-edits,40.0,35.0,1.1428571428571428,2,True
candidatetwin,maintwin,apollo11,colour,par,1,all-edits,49.0,37.5,1.3066666666666666,2,True
before,main,apollo11,fontsize,seq,1,all-edits,332.0,276.5,1.2007233273056057,2,True
beforetwin,maintwin,apollo11,fontsize,seq,1,all-edits,339.5,281.0,1.208185053380783,2,True
candidate,main,apollo11,fontsize,seq,1,all-edits,328.5,276.5,1.1880650994575046,2,True
candidatetwin,maintwin,apollo11,fontsize,seq,1,all-edits,328.0,281.0,1.1672597864768683,2,True
before,main,apollo11,fontsize,par,1,all-edits,552.0,555.5,0.9936993699369937,2,True
beforetwin,maintwin,apollo11,fontsize,par,1,all-edits,566.5,553.5,1.023486901535682,2,True
candidate,main,apollo11,fontsize,par,1,all-edits,570.0,555.5,1.026102610261026,2,True
candidatetwin,maintwin,apollo11,fontsize,par,1,all-edits,569.5,553.5,1.028906955736224,2,True
before,main,apollo11,rootfont,seq,1,all-edits,87305.0,78433.5,1.1131085569303933,2,True
beforetwin,maintwin,apollo11,rootfont,seq,1,all-edits,87223.5,78461.5,1.1116726037610802,2,True
candidate,main,apollo11,rootfont,seq,1,all-edits,87674.5,78433.5,1.1178195541445939,2,True
candidatetwin,maintwin,apollo11,rootfont,seq,1,all-edits,87939.5,78461.5,1.1207980984304404,2,True
before,main,apollo11,rootfont,par,1,all-edits,66353.5,70679.0,0.93880077533638,2,True
beforetwin,maintwin,apollo11,rootfont,par,1,all-edits,66416.5,71263.0,0.9319913559631225,2,True
candidate,main,apollo11,rootfont,par,1,all-edits,67601.5,70679.0,0.9564580709970429,2,True
candidatetwin,maintwin,apollo11,rootfont,par,1,all-edits,67345.0,71263.0,0.9450205576526388,2,True
before,main,apollo11,block,seq,1,all-edits,5846.5,24971.5,0.2341269046713253,2,True
before,main,apollo11,block,seq,1,fallbacks,35057.5,24928.5,1.406322081152095,1,False
beforetwin,maintwin,apollo11,block,seq,1,all-edits,5858.5,25650.5,0.22839710726886414,2,True
beforetwin,maintwin,apollo11,block,seq,1,fallbacks,35484.5,26293.5,1.3495540722992374,1,False
candidate,main,apollo11,block,seq,1,all-edits,5888.0,24971.5,0.23578879923112347,2,True
candidate,main,apollo11,block,seq,1,fallbacks,34806.5,24928.5,1.396253284393365,1,False
candidatetwin,maintwin,apollo11,block,seq,1,all-edits,5849.0,25650.5,0.22802674411804838,2,True
candidatetwin,maintwin,apollo11,block,seq,1,fallbacks,35217.5,26293.5,1.3393994713522352,1,False
before,main,apollo11,block,par,1,all-edits,7062.0,29700.5,0.23777377485227522,2,True
before,main,apollo11,block,par,1,fallbacks,39324.5,30082.5,1.3072218066982464,1,False
beforetwin,maintwin,apollo11,block,par,1,all-edits,6845.5,28977.0,0.23623908617179143,2,True
beforetwin,maintwin,apollo11,block,par,1,fallbacks,39999.5,29220.5,1.3688848582330897,1,False
candidate,main,apollo11,block,par,1,all-edits,7099.5,29700.5,0.23903637985892492,2,True
candidate,main,apollo11,block,par,1,fallbacks,40497.5,30082.5,1.3462145765810687,1,False
candidatetwin,maintwin,apollo11,block,par,1,all-edits,6978.0,28977.0,0.24081167822755978,2,True
candidatetwin,maintwin,apollo11,block,par,1,fallbacks,39419.0,29220.5,1.3490186684006091,1,False
candidatetwin,maintwin,ecma262,word,seq,2,all-edits,100.5,96.0,1.046875,2,True
candidate,main,ecma262,word,seq,2,all-edits,102.5,96.0,1.0677083333333333,2,True
beforetwin,maintwin,ecma262,word,seq,2,all-edits,99.5,96.0,1.0364583333333333,2,True
before,main,ecma262,word,seq,2,all-edits,103.0,96.0,1.0729166666666667,2,True
candidatetwin,maintwin,ecma262,word,par,2,all-edits,167.0,153.5,1.0879478827361564,2,True
candidate,main,ecma262,word,par,2,all-edits,180.5,153.5,1.1758957654723128,2,True
beforetwin,maintwin,ecma262,word,par,2,all-edits,177.5,153.5,1.1563517915309447,2,True
before,main,ecma262,word,par,2,all-edits,163.5,153.5,1.0651465798045603,2,True
candidatetwin,maintwin,ecma262,sentence,seq,2,all-edits,133.5,220.5,0.6054421768707483,2,True
candidate,main,ecma262,sentence,seq,2,all-edits,128.5,237.0,0.5421940928270043,2,True
beforetwin,maintwin,ecma262,sentence,seq,2,all-edits,130.5,220.5,0.5918367346938775,2,True
before,main,ecma262,sentence,seq,2,all-edits,133.5,237.0,0.5632911392405063,2,True
candidatetwin,maintwin,ecma262,sentence,par,2,all-edits,208.0,296.0,0.7027027027027027,2,True
candidate,main,ecma262,sentence,par,2,all-edits,199.5,302.5,0.6595041322314049,2,True
beforetwin,maintwin,ecma262,sentence,par,2,all-edits,205.5,296.0,0.6942567567567568,2,True
before,main,ecma262,sentence,par,2,all-edits,217.5,302.5,0.71900826446281,2,True
candidatetwin,maintwin,ecma262,colour,seq,2,all-edits,15.0,15.0,1.0,2,True
candidate,main,ecma262,colour,seq,2,all-edits,16.0,15.0,1.0666666666666667,2,True
beforetwin,maintwin,ecma262,colour,seq,2,all-edits,14.5,15.0,0.9666666666666667,2,True
before,main,ecma262,colour,seq,2,all-edits,15.0,15.0,1.0,2,True
candidatetwin,maintwin,ecma262,colour,par,2,all-edits,25.5,17.5,1.457142857142857,2,True
candidate,main,ecma262,colour,par,2,all-edits,22.0,17.5,1.2571428571428571,2,True
beforetwin,maintwin,ecma262,colour,par,2,all-edits,37.0,17.5,2.1142857142857143,2,False
before,main,ecma262,colour,par,2,all-edits,22.0,17.5,1.2571428571428571,2,True
candidatetwin,maintwin,ecma262,fontsize,seq,2,all-edits,940.5,1800.5,0.5223549014162733,2,True
candidate,main,ecma262,fontsize,seq,2,all-edits,928.0,1802.5,0.5148404993065188,2,True
beforetwin,maintwin,ecma262,fontsize,seq,2,all-edits,938.0,1800.5,0.520966398222716,2,True
before,main,ecma262,fontsize,seq,2,all-edits,976.0,1802.5,0.5414701803051317,2,True
candidatetwin,maintwin,ecma262,fontsize,par,2,all-edits,1363.0,2036.0,0.6694499017681729,2,True
candidate,main,ecma262,fontsize,par,2,all-edits,1360.0,2023.5,0.672102792191747,2,True
beforetwin,maintwin,ecma262,fontsize,par,2,all-edits,1353.0,2036.0,0.6645383104125737,2,True
before,main,ecma262,fontsize,par,2,all-edits,1350.5,2023.5,0.6674079565109958,2,True
candidatetwin,maintwin,ecma262,rootfont,seq,2,all-edits,3834.0,33941.0,0.11296072596564627,2,True
candidate,main,ecma262,rootfont,seq,2,all-edits,3807.0,33300.0,0.11432432432432432,2,True
beforetwin,maintwin,ecma262,rootfont,seq,2,all-edits,4076.0,33941.0,0.12009074570578357,2,True
before,main,ecma262,rootfont,seq,2,all-edits,3960.5,33300.0,0.11893393393393394,2,True
candidatetwin,maintwin,ecma262,rootfont,par,2,all-edits,4630.5,54360.0,0.08518211920529802,2,True
candidate,main,ecma262,rootfont,par,2,all-edits,4715.5,53235.0,0.08857894242509627,2,True
beforetwin,maintwin,ecma262,rootfont,par,2,all-edits,4871.5,54360.0,0.08961552612214864,2,True
before,main,ecma262,rootfont,par,2,all-edits,4838.5,53235.0,0.09088945242791396,2,True
candidatetwin,maintwin,ecma262,block,seq,2,all-edits,140.5,502949.5,0.00027935210195059344,2,True
candidate,main,ecma262,block,seq,2,all-edits,146.0,507923.0,0.00028744514424430476,2,True
beforetwin,maintwin,ecma262,block,seq,2,all-edits,146.0,502949.5,0.0002902875934860259,2,True
before,main,ecma262,block,seq,2,all-edits,152.0,507923.0,0.00029925795839133096,2,True
candidatetwin,maintwin,ecma262,block,par,2,all-edits,210.5,463525.5,0.0004541281979092844,2,True
candidate,main,ecma262,block,par,2,all-edits,202.0,465168.0,0.0004342517112097135,2,True
beforetwin,maintwin,ecma262,block,par,2,all-edits,206.5,463525.5,0.00044549868345970177,2,True
before,main,ecma262,block,par,2,all-edits,213.5,465168.0,0.000458973962095415,2,True
candidatetwin,maintwin,html5,word,seq,2,all-edits,74.0,66.0,1.121212121212121,2,True
candidate,main,html5,word,seq,2,all-edits,75.5,67.5,1.1185185185185185,2,True
beforetwin,maintwin,html5,word,seq,2,all-edits,77.0,66.0,1.1666666666666667,2,True
before,main,html5,word,seq,2,all-edits,77.0,67.5,1.1407407407407408,2,True
candidatetwin,maintwin,html5,word,par,2,all-edits,123.5,112.0,1.1026785714285714,2,True
candidate,main,html5,word,par,2,all-edits,122.0,114.0,1.0701754385964912,2,True
beforetwin,maintwin,html5,word,par,2,all-edits,127.5,112.0,1.1383928571428572,2,True
before,main,html5,word,par,2,all-edits,124.5,114.0,1.0921052631578947,2,True
candidatetwin,maintwin,html5,sentence,seq,2,all-edits,277.0,208.0,1.3317307692307692,2,True
candidate,main,html5,sentence,seq,2,all-edits,292.5,207.0,1.4130434782608696,2,True
beforetwin,maintwin,html5,sentence,seq,2,all-edits,258.0,208.0,1.2403846153846154,2,True
before,main,html5,sentence,seq,2,all-edits,266.0,207.0,1.285024154589372,2,True
candidatetwin,maintwin,html5,sentence,par,2,all-edits,298.5,314.0,0.9506369426751592,2,True
candidate,main,html5,sentence,par,2,all-edits,319.5,301.5,1.0597014925373134,2,True
beforetwin,maintwin,html5,sentence,par,2,all-edits,317.5,314.0,1.0111464968152866,2,True
before,main,html5,sentence,par,2,all-edits,319.5,301.5,1.0597014925373134,2,True
candidatetwin,maintwin,html5,colour,seq,2,all-edits,16.0,15.0,1.0666666666666667,2,True
candidate,main,html5,colour,seq,2,all-edits,15.0,15.0,1.0,2,True
beforetwin,maintwin,html5,colour,seq,2,all-edits,14.5,15.0,0.9666666666666667,2,True
before,main,html5,colour,seq,2,all-edits,15.0,15.0,1.0,2,True
candidatetwin,maintwin,html5,colour,par,2,all-edits,26.0,23.0,1.1304347826086956,2,True
candidate,main,html5,colour,par,2,all-edits,30.5,24.5,1.2448979591836735,2,True
beforetwin,maintwin,html5,colour,par,2,all-edits,25.5,23.0,1.108695652173913,2,True
before,main,html5,colour,par,2,all-edits,26.0,24.5,1.0612244897959184,2,True
candidatetwin,maintwin,html5,fontsize,seq,2,all-edits,1000.5,818.5,1.2223579718998168,2,True
candidate,main,html5,fontsize,seq,2,all-edits,1078.0,791.0,1.3628318584070795,2,True
beforetwin,maintwin,html5,fontsize,seq,2,all-edits,1025.5,818.5,1.2529016493585827,2,True
before,main,html5,fontsize,seq,2,all-edits,1091.0,791.0,1.3792667509481669,2,True
candidatetwin,maintwin,html5,fontsize,par,2,all-edits,1410.0,896.5,1.5727830451756832,2,True
candidate,main,html5,fontsize,par,2,all-edits,1392.0,878.0,1.5854214123006833,2,True
beforetwin,maintwin,html5,fontsize,par,2,all-edits,1417.5,896.5,1.581148912437256,2,True
before,main,html5,fontsize,par,2,all-edits,1394.5,878.0,1.5882687927107062,2,True
candidatetwin,maintwin,html5,rootfont,seq,2,all-edits,1096000.5,909773.5,1.2046960040053925,2,True
candidate,main,html5,rootfont,seq,2,all-edits,1092926.0,912163.5,1.1981689686114387,2,True
beforetwin,maintwin,html5,rootfont,seq,2,all-edits,1092493.0,909773.5,1.2008406487988494,2,True
before,main,html5,rootfont,seq,2,all-edits,1093424.0,912163.5,1.1987149233662606,2,True
candidatetwin,maintwin,html5,rootfont,par,2,all-edits,705012.5,546124.5,1.2909373228998149,2,True
candidate,main,html5,rootfont,par,2,all-edits,703707.0,549189.5,1.2813555248233988,2,True
beforetwin,maintwin,html5,rootfont,par,2,all-edits,700777.5,546124.5,1.2831826808722187,2,True
before,main,html5,rootfont,par,2,all-edits,691246.5,549189.5,1.2586666351050046,2,True
candidatetwin,maintwin,html5,block,seq,2,all-edits,441.5,496726.5,0.0008888190986387881,2,True
candidate,main,html5,block,seq,2,all-edits,455.5,496695.5,0.0009170608551919637,2,True
beforetwin,maintwin,html5,block,seq,2,all-edits,449.5,496726.5,0.0009049245409697288,2,True
before,main,html5,block,seq,2,all-edits,449.5,496695.5,0.0009049810195582605,2,True
candidatetwin,maintwin,html5,block,par,2,all-edits,447.5,438767.0,0.0010199035023144402,2,True
candidate,main,html5,block,par,2,all-edits,435.0,441370.0,0.0009855676643179192,2,True
beforetwin,maintwin,html5,block,par,2,all-edits,442.0,438767.0,0.001007368375470352,2,True
before,main,html5,block,par,2,all-edits,441.5,441370.0,0.0010002945374628996,2,True
candidatetwin,maintwin,apollo11,word,seq,2,all-edits,230.0,198.5,1.1586901763224182,2,True
candidate,main,apollo11,word,seq,2,all-edits,224.0,201.5,1.1116625310173698,2,True
beforetwin,maintwin,apollo11,word,seq,2,all-edits,226.5,198.5,1.141057934508816,2,True
before,main,apollo11,word,seq,2,all-edits,226.0,201.5,1.1215880893300247,2,True
candidatetwin,maintwin,apollo11,word,par,2,all-edits,381.0,335.0,1.137313432835821,2,True
candidate,main,apollo11,word,par,2,all-edits,382.5,336.0,1.1383928571428572,2,True
beforetwin,maintwin,apollo11,word,par,2,all-edits,385.5,335.0,1.1507462686567165,2,True
before,main,apollo11,word,par,2,all-edits,389.0,336.0,1.1577380952380953,2,True
candidatetwin,maintwin,apollo11,sentence,seq,2,all-edits,309.0,234.5,1.3176972281449892,2,True
candidate,main,apollo11,sentence,seq,2,all-edits,307.5,233.5,1.316916488222698,2,True
beforetwin,maintwin,apollo11,sentence,seq,2,all-edits,304.5,234.5,1.2985074626865671,2,True
before,main,apollo11,sentence,seq,2,all-edits,314.0,233.5,1.3447537473233404,2,True
candidatetwin,maintwin,apollo11,sentence,par,2,all-edits,570.5,400.0,1.42625,2,True
candidate,main,apollo11,sentence,par,2,all-edits,560.0,410.5,1.364190012180268,2,True
beforetwin,maintwin,apollo11,sentence,par,2,all-edits,571.5,400.0,1.42875,2,True
before,main,apollo11,sentence,par,2,all-edits,558.5,410.5,1.3605359317904995,2,True
candidatetwin,maintwin,apollo11,colour,seq,2,all-edits,25.0,24.5,1.0204081632653061,2,True
candidate,main,apollo11,colour,seq,2,all-edits,24.5,23.5,1.0425531914893618,2,True
beforetwin,maintwin,apollo11,colour,seq,2,all-edits,24.5,24.5,1.0,2,True
before,main,apollo11,colour,seq,2,all-edits,25.5,23.5,1.0851063829787233,2,True
candidatetwin,maintwin,apollo11,colour,par,2,all-edits,52.0,36.5,1.4246575342465753,2,True
candidate,main,apollo11,colour,par,2,all-edits,37.5,35.0,1.0714285714285714,2,True
beforetwin,maintwin,apollo11,colour,par,2,all-edits,44.0,36.5,1.2054794520547945,2,True
before,main,apollo11,colour,par,2,all-edits,52.0,35.0,1.4857142857142858,2,True
candidatetwin,maintwin,apollo11,fontsize,seq,2,all-edits,339.0,273.5,1.2394881170018281,2,True
candidate,main,apollo11,fontsize,seq,2,all-edits,331.5,279.5,1.186046511627907,2,True
beforetwin,maintwin,apollo11,fontsize,seq,2,all-edits,346.0,273.5,1.2650822669104205,2,True
before,main,apollo11,fontsize,seq,2,all-edits,330.5,279.5,1.1824686940966012,2,True
candidatetwin,maintwin,apollo11,fontsize,par,2,all-edits,580.0,553.5,1.047877145438121,2,True
candidate,main,apollo11,fontsize,par,2,all-edits,577.5,559.5,1.032171581769437,2,True
beforetwin,maintwin,apollo11,fontsize,par,2,all-edits,582.5,553.5,1.052393857271906,2,True
before,main,apollo11,fontsize,par,2,all-edits,577.5,559.5,1.032171581769437,2,True
candidatetwin,maintwin,apollo11,rootfont,seq,2,all-edits,88645.0,79058.5,1.1212583087207575,2,True
candidate,main,apollo11,rootfont,seq,2,all-edits,88604.5,78996.5,1.1216256416423513,2,True
beforetwin,maintwin,apollo11,rootfont,seq,2,all-edits,88702.0,79058.5,1.1219792938140745,2,True
before,main,apollo11,rootfont,seq,2,all-edits,87428.0,78996.5,1.1067325767597298,2,True
candidatetwin,maintwin,apollo11,rootfont,par,2,all-edits,66834.5,70572.0,0.9470399025109109,2,True
candidate,main,apollo11,rootfont,par,2,all-edits,66902.0,71143.0,0.9403876699042772,2,True
beforetwin,maintwin,apollo11,rootfont,par,2,all-edits,66362.5,70572.0,0.9403516975571048,2,True
before,main,apollo11,rootfont,par,2,all-edits,66501.0,71143.0,0.9347511350378814,2,True
candidatetwin,maintwin,apollo11,block,seq,2,all-edits,5736.5,24608.0,0.23311524707412223,2,True
candidatetwin,maintwin,apollo11,block,seq,2,fallbacks,32793.5,24548.5,1.335865735177302,1,False
candidate,main,apollo11,block,seq,2,all-edits,5569.0,24489.5,0.22740358112660528,2,True
candidate,main,apollo11,block,seq,2,fallbacks,31089.0,24553.0,1.266199649737303,1,False
beforetwin,maintwin,apollo11,block,seq,2,all-edits,5543.0,24608.0,0.22525195058517555,2,True
beforetwin,maintwin,apollo11,block,seq,2,fallbacks,31506.5,24548.5,1.2834389066541745,1,False
before,main,apollo11,block,seq,2,all-edits,5591.0,24489.5,0.22830192531493088,2,True
before,main,apollo11,block,seq,2,fallbacks,32780.5,24553.0,1.3350914348552112,1,False
candidatetwin,maintwin,apollo11,block,par,2,all-edits,6408.0,26444.0,0.24232340039328393,2,True
candidatetwin,maintwin,apollo11,block,par,2,fallbacks,33785.0,26747.0,1.263132313904363,1,False
candidate,main,apollo11,block,par,2,all-edits,6508.5,26833.5,0.24255128850131366,2,True
candidate,main,apollo11,block,par,2,fallbacks,33985.0,26804.5,1.267884123934414,1,False
beforetwin,maintwin,apollo11,block,par,2,all-edits,6417.5,26444.0,0.2426826501285736,2,True
beforetwin,maintwin,apollo11,block,par,2,fallbacks,34973.5,26747.0,1.3075672037985568,1,False
before,main,apollo11,block,par,2,all-edits,6459.0,26833.5,0.24070657946223936,2,True
before,main,apollo11,block,par,2,fallbacks,34357.0,26804.5,1.2817623906433622,1,False
before,main,ecma262,word,seq,3,all-edits,104.0,90.0,1.1555555555555554,2,True
beforetwin,maintwin,ecma262,word,seq,3,all-edits,102.0,90.0,1.1333333333333333,2,True
candidate,main,ecma262,word,seq,3,all-edits,97.0,90.0,1.0777777777777777,2,True
candidatetwin,maintwin,ecma262,word,seq,3,all-edits,102.5,90.0,1.1388888888888888,2,True
before,main,ecma262,word,par,3,all-edits,183.0,146.0,1.2534246575342465,2,True
beforetwin,maintwin,ecma262,word,par,3,all-edits,163.5,147.0,1.1122448979591837,2,True
candidate,main,ecma262,word,par,3,all-edits,160.5,146.0,1.0993150684931507,2,True
candidatetwin,maintwin,ecma262,word,par,3,all-edits,162.5,147.0,1.1054421768707483,2,True
before,main,ecma262,sentence,seq,3,all-edits,127.0,237.0,0.5358649789029536,2,True
beforetwin,maintwin,ecma262,sentence,seq,3,all-edits,126.0,232.5,0.5419354838709678,2,True
candidate,main,ecma262,sentence,seq,3,all-edits,130.0,237.0,0.5485232067510548,2,True
candidatetwin,maintwin,ecma262,sentence,seq,3,all-edits,125.5,232.5,0.5397849462365591,2,True
before,main,ecma262,sentence,par,3,all-edits,211.0,300.0,0.7033333333333334,2,True
beforetwin,maintwin,ecma262,sentence,par,3,all-edits,202.0,309.0,0.6537216828478964,2,True
candidate,main,ecma262,sentence,par,3,all-edits,201.0,300.0,0.67,2,True
candidatetwin,maintwin,ecma262,sentence,par,3,all-edits,205.0,309.0,0.6634304207119741,2,True
before,main,ecma262,colour,seq,3,all-edits,14.0,14.5,0.9655172413793104,2,True
beforetwin,maintwin,ecma262,colour,seq,3,all-edits,14.5,15.5,0.9354838709677419,2,True
candidate,main,ecma262,colour,seq,3,all-edits,14.5,14.5,1.0,2,True
candidatetwin,maintwin,ecma262,colour,seq,3,all-edits,14.5,15.5,0.9354838709677419,2,True
before,main,ecma262,colour,par,3,all-edits,23.0,18.0,1.2777777777777777,2,True
beforetwin,maintwin,ecma262,colour,par,3,all-edits,22.5,19.0,1.1842105263157894,2,True
candidate,main,ecma262,colour,par,3,all-edits,23.0,18.0,1.2777777777777777,2,True
candidatetwin,maintwin,ecma262,colour,par,3,all-edits,19.5,19.0,1.0263157894736843,2,True
before,main,ecma262,fontsize,seq,3,all-edits,1003.0,1555.5,0.644808743169399,2,True
beforetwin,maintwin,ecma262,fontsize,seq,3,all-edits,916.0,1546.0,0.592496765847348,2,True
candidate,main,ecma262,fontsize,seq,3,all-edits,911.5,1555.5,0.5859852137576342,2,True
candidatetwin,maintwin,ecma262,fontsize,seq,3,all-edits,944.5,1546.0,0.6109314359637775,2,True
before,main,ecma262,fontsize,par,3,all-edits,1370.0,2036.5,0.6727228087404862,2,True
beforetwin,maintwin,ecma262,fontsize,par,3,all-edits,1370.0,2058.0,0.6656948493683188,2,True
candidate,main,ecma262,fontsize,par,3,all-edits,1347.0,2036.5,0.6614289221703904,2,True
candidatetwin,maintwin,ecma262,fontsize,par,3,all-edits,1358.0,2058.0,0.6598639455782312,2,True
before,main,ecma262,rootfont,seq,3,all-edits,3892.0,31883.0,0.12207132327572688,2,True
beforetwin,maintwin,ecma262,rootfont,seq,3,all-edits,3665.0,32365.5,0.11323786130293059,2,True
candidate,main,ecma262,rootfont,seq,3,all-edits,3638.5,31883.0,0.1141203776307123,2,True
candidatetwin,maintwin,ecma262,rootfont,seq,3,all-edits,3860.5,32365.5,0.11927824380899414,2,True
before,main,ecma262,rootfont,par,3,all-edits,4626.0,51355.5,0.09007798580483103,2,True
beforetwin,maintwin,ecma262,rootfont,par,3,all-edits,4572.0,52783.5,0.08661797720878683,2,True
candidate,main,ecma262,rootfont,par,3,all-edits,4452.0,51355.5,0.08668983847883868,2,True
candidatetwin,maintwin,ecma262,rootfont,par,3,all-edits,4501.0,52783.5,0.08527285988992772,2,True
before,main,ecma262,block,seq,3,all-edits,143.0,494446.5,0.00028921228080287754,2,True
beforetwin,maintwin,ecma262,block,seq,3,all-edits,147.5,490949.0,0.00030043853842252454,2,True
candidate,main,ecma262,block,seq,3,all-edits,148.0,494446.5,0.0002993245983134677,2,True
candidatetwin,maintwin,ecma262,block,seq,3,all-edits,141.5,490949.0,0.00028821730974093034,2,True
before,main,ecma262,block,par,3,all-edits,232.0,447766.0,0.0005181277720952462,2,True
beforetwin,maintwin,ecma262,block,par,3,all-edits,217.5,454829.5,0.0004782011720875625,2,True
candidate,main,ecma262,block,par,3,all-edits,229.0,447766.0,0.0005114278440078076,2,True
candidatetwin,maintwin,ecma262,block,par,3,all-edits,214.0,454829.5,0.00047050598081259024,2,True
before,main,html5,word,seq,3,all-edits,76.0,67.0,1.1343283582089552,2,True
beforetwin,maintwin,html5,word,seq,3,all-edits,76.5,66.5,1.150375939849624,2,True
candidate,main,html5,word,seq,3,all-edits,75.5,67.0,1.126865671641791,2,True
candidatetwin,maintwin,html5,word,seq,3,all-edits,75.0,66.5,1.1278195488721805,2,True
before,main,html5,word,par,3,all-edits,122.0,111.5,1.094170403587444,2,True
beforetwin,maintwin,html5,word,par,3,all-edits,127.0,113.0,1.1238938053097345,2,True
candidate,main,html5,word,par,3,all-edits,127.0,111.5,1.1390134529147982,2,True
candidatetwin,maintwin,html5,word,par,3,all-edits,123.5,113.0,1.092920353982301,2,True
before,main,html5,sentence,seq,3,all-edits,265.5,202.0,1.3143564356435644,2,True
beforetwin,maintwin,html5,sentence,seq,3,all-edits,266.0,203.5,1.307125307125307,2,True
candidate,main,html5,sentence,seq,3,all-edits,265.0,202.0,1.311881188118812,2,True
candidatetwin,maintwin,html5,sentence,seq,3,all-edits,270.0,203.5,1.3267813267813269,2,True
before,main,html5,sentence,par,3,all-edits,301.5,314.5,0.958664546899841,2,True
beforetwin,maintwin,html5,sentence,par,3,all-edits,309.0,297.0,1.0404040404040404,2,True
candidate,main,html5,sentence,par,3,all-edits,310.5,314.5,0.9872813990461049,2,True
candidatetwin,maintwin,html5,sentence,par,3,all-edits,321.0,297.0,1.0808080808080809,2,True
before,main,html5,colour,seq,3,all-edits,16.0,15.5,1.032258064516129,2,True
beforetwin,maintwin,html5,colour,seq,3,all-edits,14.5,15.0,0.9666666666666667,2,True
candidate,main,html5,colour,seq,3,all-edits,14.5,15.5,0.9354838709677419,2,True
candidatetwin,maintwin,html5,colour,seq,3,all-edits,15.5,15.0,1.0333333333333334,2,True
before,main,html5,colour,par,3,all-edits,27.0,25.5,1.0588235294117647,2,True
beforetwin,maintwin,html5,colour,par,3,all-edits,29.0,22.5,1.288888888888889,2,True
candidate,main,html5,colour,par,3,all-edits,27.5,25.5,1.0784313725490196,2,True
candidatetwin,maintwin,html5,colour,par,3,all-edits,26.5,22.5,1.1777777777777778,2,True
before,main,html5,fontsize,seq,3,all-edits,1049.5,754.0,1.3919098143236075,2,True
beforetwin,maintwin,html5,fontsize,seq,3,all-edits,994.0,810.0,1.2271604938271605,2,True
candidate,main,html5,fontsize,seq,3,all-edits,1041.5,754.0,1.3812997347480107,2,True
candidatetwin,maintwin,html5,fontsize,seq,3,all-edits,1033.5,810.0,1.275925925925926,2,True
before,main,html5,fontsize,par,3,all-edits,1482.0,831.0,1.7833935018050542,2,True
beforetwin,maintwin,html5,fontsize,par,3,all-edits,1472.0,805.5,1.8274363749224085,2,True
candidate,main,html5,fontsize,par,3,all-edits,1470.5,831.0,1.769554753309266,2,True
candidatetwin,maintwin,html5,fontsize,par,3,all-edits,1383.5,805.5,1.717566728739913,2,True
before,main,html5,rootfont,seq,3,all-edits,1090749.5,906802.0,1.2028529932664462,2,True
beforetwin,maintwin,html5,rootfont,seq,3,all-edits,1091691.5,913298.5,1.195328252482622,2,True
candidate,main,html5,rootfont,seq,3,all-edits,1128478.0,906802.0,1.2444590991197637,2,True
candidatetwin,maintwin,html5,rootfont,seq,3,all-edits,1116455.5,913298.5,1.222443155222526,2,True
before,main,html5,rootfont,par,3,all-edits,711211.5,561584.0,1.266438324453688,2,True
beforetwin,maintwin,html5,rootfont,par,3,all-edits,713714.0,560110.5,1.2742378512811312,2,True
candidate,main,html5,rootfont,par,3,all-edits,710347.5,561584.0,1.2648998190831648,2,True
candidatetwin,maintwin,html5,rootfont,par,3,all-edits,703840.5,560110.5,1.2566100796182182,2,True
before,main,html5,block,seq,3,all-edits,456.0,491486.0,0.0009277985537736579,2,True
beforetwin,maintwin,html5,block,seq,3,all-edits,465.0,499613.0,0.000930720377572241,2,True
candidate,main,html5,block,seq,3,all-edits,449.0,491486.0,0.0009135560321148517,2,True
candidatetwin,maintwin,html5,block,seq,3,all-edits,458.0,499613.0,0.0009167095331786803,2,True
before,main,html5,block,par,3,all-edits,433.0,482793.0,0.0008968647018494469,2,True
beforetwin,maintwin,html5,block,par,3,all-edits,434.5,459248.5,0.0009461108746136351,2,True
candidate,main,html5,block,par,3,all-edits,442.5,482793.0,0.0009165418719824024,2,True
candidatetwin,maintwin,html5,block,par,3,all-edits,440.5,459248.5,0.0009591756968177359,2,True
before,main,apollo11,word,seq,3,all-edits,228.0,198.5,1.1486146095717884,2,True
beforetwin,maintwin,apollo11,word,seq,3,all-edits,223.5,198.0,1.128787878787879,2,True
candidate,main,apollo11,word,seq,3,all-edits,223.5,198.5,1.1259445843828715,2,True
candidatetwin,maintwin,apollo11,word,seq,3,all-edits,218.5,198.0,1.1035353535353536,2,True
before,main,apollo11,word,par,3,all-edits,391.5,344.5,1.1364296081277214,2,True
beforetwin,maintwin,apollo11,word,par,3,all-edits,386.5,333.5,1.158920539730135,2,True
candidate,main,apollo11,word,par,3,all-edits,387.0,344.5,1.123367198838897,2,True
candidatetwin,maintwin,apollo11,word,par,3,all-edits,390.5,333.5,1.1709145427286356,2,True
before,main,apollo11,sentence,seq,3,all-edits,308.0,233.0,1.3218884120171674,2,True
beforetwin,maintwin,apollo11,sentence,seq,3,all-edits,312.5,237.0,1.3185654008438819,2,True
candidate,main,apollo11,sentence,seq,3,all-edits,317.0,233.0,1.3605150214592274,2,True
candidatetwin,maintwin,apollo11,sentence,seq,3,all-edits,317.0,237.0,1.3375527426160339,2,True
before,main,apollo11,sentence,par,3,all-edits,571.0,408.5,1.397796817625459,2,True
beforetwin,maintwin,apollo11,sentence,par,3,all-edits,572.0,409.5,1.3968253968253967,2,True
candidate,main,apollo11,sentence,par,3,all-edits,571.0,408.5,1.397796817625459,2,True
candidatetwin,maintwin,apollo11,sentence,par,3,all-edits,576.0,409.5,1.4065934065934067,2,True
before,main,apollo11,colour,seq,3,all-edits,27.5,28.0,0.9821428571428571,2,True
beforetwin,maintwin,apollo11,colour,seq,3,all-edits,28.0,26.5,1.0566037735849056,2,True
candidate,main,apollo11,colour,seq,3,all-edits,28.5,28.0,1.0178571428571428,2,True
candidatetwin,maintwin,apollo11,colour,seq,3,all-edits,25.0,26.5,0.9433962264150944,2,True
before,main,apollo11,colour,par,3,all-edits,42.0,36.0,1.1666666666666667,2,True
beforetwin,maintwin,apollo11,colour,par,3,all-edits,46.5,37.0,1.2567567567567568,2,True
candidate,main,apollo11,colour,par,3,all-edits,45.5,36.0,1.2638888888888888,2,True
candidatetwin,maintwin,apollo11,colour,par,3,all-edits,46.0,37.0,1.2432432432432432,2,True
before,main,apollo11,fontsize,seq,3,all-edits,329.5,293.0,1.1245733788395904,2,True
beforetwin,maintwin,apollo11,fontsize,seq,3,all-edits,353.0,276.5,1.2766726943942135,2,True
candidate,main,apollo11,fontsize,seq,3,all-edits,340.5,293.0,1.1621160409556315,2,True
candidatetwin,maintwin,apollo11,fontsize,seq,3,all-edits,361.5,276.5,1.3074141048824592,2,True
before,main,apollo11,fontsize,par,3,all-edits,626.5,576.0,1.0876736111111112,2,True
beforetwin,maintwin,apollo11,fontsize,par,3,all-edits,609.0,555.5,1.0963096309630964,2,True
candidate,main,apollo11,fontsize,par,3,all-edits,569.0,576.0,0.9878472222222222,2,True
candidatetwin,maintwin,apollo11,fontsize,par,3,all-edits,571.0,555.5,1.0279027902790279,2,True
before,main,apollo11,rootfont,seq,3,all-edits,88322.0,79546.0,1.1103261006210243,2,True
beforetwin,maintwin,apollo11,rootfont,seq,3,all-edits,88679.5,79441.5,1.116286827413883,2,True
candidate,main,apollo11,rootfont,seq,3,all-edits,89225.0,79546.0,1.1216780227792724,2,True
candidatetwin,maintwin,apollo11,rootfont,seq,3,all-edits,89078.0,79441.5,1.1213030972476603,2,True
before,main,apollo11,rootfont,par,3,all-edits,67135.0,71336.0,0.9411096781428732,2,True
beforetwin,maintwin,apollo11,rootfont,par,3,all-edits,66774.0,71021.5,0.940194166555198,2,True
candidate,main,apollo11,rootfont,par,3,all-edits,67588.5,71336.0,0.9474669171245935,2,True
candidatetwin,maintwin,apollo11,rootfont,par,3,all-edits,67562.5,71021.5,0.9512964384024556,2,True
before,main,apollo11,block,seq,3,all-edits,5556.5,25180.0,0.22067116759332803,2,True
before,main,apollo11,block,seq,3,fallbacks,32639.5,25246.5,1.292832669875032,1,False
beforetwin,maintwin,apollo11,block,seq,3,all-edits,5623.5,25362.0,0.2217293588833688,2,True
beforetwin,maintwin,apollo11,block,seq,3,fallbacks,32814.5,25328.0,1.2955819646241313,1,False
candidate,main,apollo11,block,seq,3,all-edits,5624.5,25180.0,0.22337172359015092,2,True
candidate,main,apollo11,block,seq,3,fallbacks,33342.0,25246.5,1.3206583090725448,1,False
candidatetwin,maintwin,apollo11,block,seq,3,all-edits,5625.5,25362.0,0.22180821701758535,2,True
candidatetwin,maintwin,apollo11,block,seq,3,fallbacks,32238.0,25328.0,1.272820593809223,1,False
before,main,apollo11,block,par,3,all-edits,6673.5,26614.5,0.2507467733754157,2,True
before,main,apollo11,block,par,3,fallbacks,35877.0,26477.5,1.354999527901048,1,False
beforetwin,maintwin,apollo11,block,par,3,all-edits,6506.0,26778.0,0.24296063933079393,2,True
beforetwin,maintwin,apollo11,block,par,3,fallbacks,36176.0,26689.5,1.3554394050094607,1,False
candidate,main,apollo11,block,par,3,all-edits,6499.5,26614.5,0.24420898382460687,2,True
candidate,main,apollo11,block,par,3,fallbacks,35259.5,26477.5,1.3316778396751958,1,False
candidatetwin,maintwin,apollo11,block,par,3,all-edits,6702.0,26778.0,0.250280080663231,2,True
candidatetwin,maintwin,apollo11,block,par,3,fallbacks,35044.0,26689.5,1.3130257217257724,1,False
