file	baseline_revision	baseline_lines	current_revision	current_lines	delta
renderer/layout/boundary.wf	38fd6be2ba5ad1ca972f689e734e7f40737d8876	1044	64e6dbfc4b935a15fc647404b8df7939068695b4	1010	-34
renderer/layout/boundary_checks.wf	38fd6be2ba5ad1ca972f689e734e7f40737d8876	104	64e6dbfc4b935a15fc647404b8df7939068695b4	104	0
renderer/layout/box.wf	38fd6be2ba5ad1ca972f689e734e7f40737d8876	550	64e6dbfc4b935a15fc647404b8df7939068695b4	550	0
renderer/layout/build.wf	38fd6be2ba5ad1ca972f689e734e7f40737d8876	3035	64e6dbfc4b935a15fc647404b8df7939068695b4	3041	6
renderer/layout/columns.wf	38fd6be2ba5ad1ca972f689e734e7f40737d8876	266	64e6dbfc4b935a15fc647404b8df7939068695b4	266	0
renderer/layout/flex.wf	38fd6be2ba5ad1ca972f689e734e7f40737d8876	1615	64e6dbfc4b935a15fc647404b8df7939068695b4	1615	0
renderer/layout/flow.wf	38fd6be2ba5ad1ca972f689e734e7f40737d8876	3515	64e6dbfc4b935a15fc647404b8df7939068695b4	3515	0
renderer/layout/geometry.wf	38fd6be2ba5ad1ca972f689e734e7f40737d8876	516	64e6dbfc4b935a15fc647404b8df7939068695b4	516	0
renderer/layout/grid.wf	38fd6be2ba5ad1ca972f689e734e7f40737d8876	2719	64e6dbfc4b935a15fc647404b8df7939068695b4	2719	0
renderer/layout/inline.wf	38fd6be2ba5ad1ca972f689e734e7f40737d8876	1719	64e6dbfc4b935a15fc647404b8df7939068695b4	1719	0
renderer/layout/module.wfm	38fd6be2ba5ad1ca972f689e734e7f40737d8876	616	64e6dbfc4b935a15fc647404b8df7939068695b4	611	-5
renderer/layout/pages.wf	38fd6be2ba5ad1ca972f689e734e7f40737d8876	216	64e6dbfc4b935a15fc647404b8df7939068695b4	66	-150
renderer/layout/prep.wf	38fd6be2ba5ad1ca972f689e734e7f40737d8876	726	64e6dbfc4b935a15fc647404b8df7939068695b4	726	0
renderer/layout/routes.wf	38fd6be2ba5ad1ca972f689e734e7f40737d8876	62	64e6dbfc4b935a15fc647404b8df7939068695b4	62	0
renderer/layout/sequence.wf	38fd6be2ba5ad1ca972f689e734e7f40737d8876	960	64e6dbfc4b935a15fc647404b8df7939068695b4	1028	68
renderer/layout/splice.wf	38fd6be2ba5ad1ca972f689e734e7f40737d8876	584	64e6dbfc4b935a15fc647404b8df7939068695b4	596	12
renderer/layout/splice_boundary.wf	38fd6be2ba5ad1ca972f689e734e7f40737d8876	364	64e6dbfc4b935a15fc647404b8df7939068695b4	364	0
renderer/layout/splice_publish.wf	38fd6be2ba5ad1ca972f689e734e7f40737d8876	331	64e6dbfc4b935a15fc647404b8df7939068695b4	363	32
renderer/layout/splice_sequence.wf	38fd6be2ba5ad1ca972f689e734e7f40737d8876	210	64e6dbfc4b935a15fc647404b8df7939068695b4	202	-8
renderer/layout/structure.wf	38fd6be2ba5ad1ca972f689e734e7f40737d8876	966	64e6dbfc4b935a15fc647404b8df7939068695b4	966	0
renderer/layout/style_update.wf	38fd6be2ba5ad1ca972f689e734e7f40737d8876	761	64e6dbfc4b935a15fc647404b8df7939068695b4	761	0
renderer/layout/styles.wf	38fd6be2ba5ad1ca972f689e734e7f40737d8876	571	64e6dbfc4b935a15fc647404b8df7939068695b4	571	0
renderer/layout/table.wf	38fd6be2ba5ad1ca972f689e734e7f40737d8876	1152	64e6dbfc4b935a15fc647404b8df7939068695b4	1152	0
renderer/layout/tableborders.wf	38fd6be2ba5ad1ca972f689e734e7f40737d8876	233	64e6dbfc4b935a15fc647404b8df7939068695b4	233	0
renderer/layout/tablegrid.wf	38fd6be2ba5ad1ca972f689e734e7f40737d8876	913	64e6dbfc4b935a15fc647404b8df7939068695b4	913	0
renderer/layout/text/fonts.wf	38fd6be2ba5ad1ca972f689e734e7f40737d8876	411	64e6dbfc4b935a15fc647404b8df7939068695b4	411	0
renderer/layout/text/module.wfm	38fd6be2ba5ad1ca972f689e734e7f40737d8876	109	64e6dbfc4b935a15fc647404b8df7939068695b4	109	0
renderer/layout/text/picks.wf	38fd6be2ba5ad1ca972f689e734e7f40737d8876	399	64e6dbfc4b935a15fc647404b8df7939068695b4	399	0
renderer/layout/text/scalars.wf	38fd6be2ba5ad1ca972f689e734e7f40737d8876	505	64e6dbfc4b935a15fc647404b8df7939068695b4	505	0
renderer/layout/text/shape.wf	38fd6be2ba5ad1ca972f689e734e7f40737d8876	866	64e6dbfc4b935a15fc647404b8df7939068695b4	866	0
renderer/layout/update.wf	38fd6be2ba5ad1ca972f689e734e7f40737d8876	2442	64e6dbfc4b935a15fc647404b8df7939068695b4	2442	0
TOTAL renderer/layout/**/*.wf + **/*.wfm	38fd6be2ba5ad1ca972f689e734e7f40737d8876	28480	64e6dbfc4b935a15fc647404b8df7939068695b4	28401	-79
